CustomerID,Freq,SaleAmount,ElapsedDays,ClusterLabel
12346,1,77183.6,325,2
12347,182,4310.0,1,1
12348,31,1797.24,74,2
12349,73,1757.55,18,2
12350,17,334.4,309,0
12352,85,2506.04,35,2
12353,4,89.0,203,0
12354,58,1079.4,231,2
12355,13,459.4,213,0
12356,59,2811.43,22,2
12357,131,6207.67,32,1
12358,19,1168.06,1,3
12359,245,6310.03,57,1
12360,129,2662.06,51,2
12361,10,189.9,286,0
12362,266,5226.23,2,1
12363,23,552.0,109,0
12364,85,1313.1,7,1
12365,22,641.38,290,0
12367,11,168.9,3,3
12370,166,3541.94,50,2
12371,63,1887.96,44,2
12372,52,1298.04,71,2
12373,14,364.6,310,0
12374,33,742.9300000000001,24,3
12375,17,457.5,10,3
12377,77,1628.12,314,2
12378,219,4008.62,129,2
12379,40,852.24,81,2
12380,104,2724.81,21,1
12381,87,1845.31,4,1
12383,99,1850.56,184,2
12384,27,585.27,28,3
12386,10,401.9,337,0
12388,100,2780.66,15,1
12390,32,549.84,79,2
12391,93,439.66,21,3
12393,64,1582.6000000000001,71,2
12394,27,1272.48,63,2
12395,156,3018.63,18,1
12397,126,2409.9,35,2
12398,85,1635.6599999999999,45,2
12399,59,1108.65,118,2
12401,5,84.3,302,0
12402,11,225.6,322,0
12403,5,427.7,49,0
12405,54,1710.39,148,2
12406,105,3415.3,21,1
12407,77,1708.1200000000001,49,2
12408,105,2888.55,32,2
12409,109,11072.67,78,2
12410,26,693.3299999999999,308,0
12412,61,1226.88,74,2
12413,38,758.1,66,2
12414,18,562.41,216,0
12415,714,124914.53,23,1
12417,192,3649.1,2,1
12418,34,668.58,112,2
12420,29,600.39,63,2
12421,45,807.04,15,3
12422,39,803.5600000000001,95,2
12423,125,1859.31,0,1
12424,30,1760.96,162,2
12425,36,777.2,77,2
12426,30,582.73,194,0
12427,31,825.8,21,3
12428,294,7956.46,25,1
12429,97,3750.4,8,1
12430,11,256.4,42,0
12431,234,6419.95,35,1
12432,108,5059.32,42,2
12433,420,13375.87,0,1
12434,50,806.14,84,2
12435,36,7829.89,79,2
12436,16,509.01,99,0
12437,199,4951.41,1,1
12438,98,2906.85,13,1
12441,11,173.55,366,0
12442,12,172.06,2,3
12444,176,5005.46,20,1
12445,4,133.4,21,0
12446,57,1002.3100000000001,57,2
12447,26,476.49,242,0
12448,22,449.45,43,3
12449,191,4067.29,21,1
12450,8,197.88,155,0
12451,354,9035.52,10,1
12452,22,430.57,16,3
12453,43,707.09,133,2
12454,15,3528.34,55,2
12455,90,2466.86,72,2
12456,125,3181.04,43,2
12457,62,2363.23,65,2
12458,38,947.4,70,2
12461,35,826.88,93,2
12462,62,1189.59,18,2
12463,83,1344.78,52,2
12464,29,1212.05,9,3
12465,47,742.1899999999999,16,3
12468,38,729.5400000000001,187,2
12471,459,19788.65,1,1
12472,339,6572.11,31,1
12473,167,3928.0499999999997,28,1
12474,422,7324.09,16,1
12475,36,723.38,53,2
12476,233,6816.42,15,1
12477,300,13219.74,22,1
12478,36,680.99,3,3
12479,31,527.2,10,3
12480,154,3281.63,27,1
12481,216,5579.82,22,1
12483,75,2484.98,16,1
12484,343,4527.32,32,1
12488,55,1298.66,9,3
12489,15,334.93,335,0
12490,245,5417.93,4,1
12491,26,460.40000000000003,38,3
12492,20,263.21000000000004,62,0
12493,22,433.74,165,0
12494,77,1246.1000000000001,15,2
12497,14,1043.1,81,2
12498,23,403.70000000000005,20,3
12500,61,4257.82,22,1
12501,149,2169.39,336,2
12502,147,3723.87,95,2
12504,9,482.04999999999995,17,3
12506,23,73.5,232,0
12507,21,1304.81,133,2
12508,68,397.88,25,3
12509,7,176.5,283,0
12510,33,982.5699999999999,142,2
12512,31,132.18,65,0
12513,35,612.29,112,2
12514,51,1017.68,266,2
12515,16,383.7,352,0
12516,26,1312.06,77,2
12517,279,2481.6,27,1
12518,124,2056.89,0,1
12519,17,330.84,63,0
12520,152,2634.26,78,2
12521,38,599.68,142,2
12522,12,192.72,38,0
12523,106,1789.77,18,1
12524,144,4485.72,8,1
12526,71,1316.66,0,1
12527,18,348.71000000000004,81,0
12528,92,1933.48,8,1
12530,66,1662.28,59,2
12531,17,125.22,14,3
12532,16,349.83000000000004,29,3
12534,63,1089.18,130,2
12535,34,716.35,91,2
12536,261,12601.830000000002,42,1
12538,21,363.95,28,3
12539,273,5568.35,21,1
12540,478,13400.24,19,1
12541,52,981.18,29,2
12544,19,372.7,35,3
12545,50,1000.39,74,2
12546,69,1161.5,46,2
12547,8,207.79999999999998,197,0
12548,5,95.19999999999999,165,0
12550,57,964.83,78,2
12551,10,168.0,357,0
12552,20,437.82,38,3
12553,191,3692.28,7,1
12556,119,599.56,49,2
12557,33,11990.960000000001,15,1
12558,11,269.96,7,3
12559,21,561.71,310,0
12560,105,2134.01,4,1
12561,16,238.85,302,0
12562,168,3781.7400000000002,7,1
12564,21,456.9,260,0
12565,9,145.92,288,0
12566,19,351.65,85,0
12567,446,9401.28,22,1
12569,188,4124.69,1,1
12571,34,519.61,39,3
12572,60,1020.42,8,3
12573,28,160.54000000000002,226,0
12574,11,218.45,315,0
12576,88,1315.83,35,2
12577,146,626.6,34,2
12578,114,2794.51,20,1
12579,29,440.42,77,0
12580,24,415.7,246,0
12581,15,197.71,39,0
12582,22,511.36,238,0
12583,247,7281.38,2,1
12584,96,2338.15,3,1
12585,87,2040.1,233,2
12586,11,196.94000000000003,16,3
12587,4,144.0,7,3
12588,10,214.89999999999998,38,0
12589,35,646.68,28,3
12590,68,9864.26,210,2
12591,26,452.84999999999997,316,0
12592,18,437.6,91,0
12593,21,418.09999999999997,108,0
12594,118,3338.2200000000003,37,2
12596,27,618.27,50,2
12597,206,3811.22,18,1
12598,132,3023.08,9,1
12599,62,1032.58,28,2
12600,64,2599.04,28,2
12601,28,577.0600000000001,189,0
12602,12,153.12,58,0
12603,2,739.1999999999999,21,3
12604,16,254.18,78,0
12607,101,1579.51,59,2
12609,60,1126.85,77,2
12610,106,2099.54,22,2
12611,65,1193.32,51,2
12612,19,704.0400000000001,73,2
12613,153,3344.38,56,2
12614,20,315.6,277,0
12615,105,2291.19,1,1
12616,32,713.3,94,2
12617,41,352.98,28,3
12618,11,177.31,21,3
12619,90,3641.24,15,1
12620,92,1339.41,14,2
12621,467,13689.67,1,1
12622,11,180.1,231,0
12623,18,305.1,275,0
12624,38,641.13,105,2
12625,86,2683.82,211,2
12626,294,6620.48,22,1
12627,230,4478.53,10,1
12628,41,786.46,3,3
12630,64,1270.88,9,3
12631,31,640.5,56,2
12633,101,2163.98,58,2
12635,101,1689.18,89,2
12637,382,6002.9,66,1
12638,39,671.69,32,3
12639,22,486.1,238,0
12640,53,1174.58,23,2
12641,10,185.9,114,0
12642,47,1013.26,24,2
12643,24,3344.64,127,2
12644,31,477.91,129,0
12645,73,1775.18,33,2
12646,45,1346.97,4,3
12647,121,3722.82,21,1
12648,21,318.05,154,0
12649,31,623.51,106,2
12650,20,314.44,2,3
12651,9,114.0,334,0
12652,48,919.98,330,2
12653,43,2209.85,148,2
12654,38,601.98,10,3
12656,126,4051.17,16,1
12657,47,1643.18,10,3
12658,36,686.05,18,3
12659,5,91.68,29,0
12660,13,245.1,10,3
12662,230,3849.78,0,1
12664,37,4881.88,7,1
12665,3,63.0,324,0
12667,33,620.13,57,2
12668,161,3807.15,11,1
12669,101,2744.0299999999997,150,2
12670,92,2996.05,9,1
12672,10,225.89999999999998,329,0
12673,42,610.52,4,3
12674,83,1970.6,38,2
12676,45,1331.39,24,2
12678,165,17628.46,41,1
12679,48,1113.02,58,2
12680,52,862.81,0,3
12681,638,13787.54,14,1
12682,524,12279.82,3,1
12683,344,8476.57,3,1
12684,105,2283.63,7,1
12685,157,2863.08,27,1
12686,7,89.14,371,0
12688,171,4873.8099999999995,113,2
12689,72,1247.61,25,2
12690,16,389.01,205,0
12691,32,1035.8,27,3
12693,39,855.91,126,2
12694,37,869.67,69,2
12695,27,582.1,6,3
12697,41,957.59,28,2
12700,268,4939.99,7,1
12701,53,797.71,79,2
12702,12,219.0,19,3
12703,21,283.55,70,0
12704,88,2340.84,6,1
12705,334,6868.29,14,1
12707,33,603.42,291,0
12708,157,2712.91,29,1
12709,207,9706.52,14,1
12710,77,1149.02,96,2
12712,133,4396.13,28,1
12713,38,848.55,0,3
12714,259,4708.86,8,1
12715,20,343.36,105,0
12716,69,1053.49,3,3
12717,55,1030.98,150,2
12718,19,238.25,70,0
12719,39,644.95,4,3
12720,354,5781.73,2,1
12721,161,2656.13,31,1
12722,53,997.63,84,2
12723,69,725.07,3,3
12724,53,1031.41,4,3
12725,24,427.8,370,0
12726,124,2609.1,27,2
12727,139,3980.7,10,1
12728,46,836.33,70,2
12729,26,453.01,113,0
12731,274,18895.91,23,1
12732,12,236.26000000000002,179,0
12733,22,383.95,233,0
12734,4,110.39999999999999,352,0
12735,43,779.5699999999999,314,2
12736,4,234.0,332,0
12738,11,155.35,371,0
12739,38,1013.04,77,2
12740,27,427.6,63,0
12743,131,540.13,133,2
12744,222,21279.29,51,1
12747,103,4196.01,1,1
12748,4412,33053.19,0,1
12749,199,4090.88,3,1
12750,15,275.88,128,0
12752,53,4366.78,80,2
12753,197,21429.39,22,1
12754,63,3010.74,235,2
12755,4,3811.95,280,0
12756,4,112.07999999999998,86,0
12757,364,7834.650000000001,15,1
12758,97,2791.59,116,2
12759,95,1531.44,51,2
12762,69,1898.52,7,1
12763,18,494.08,137,0
12764,45,1693.88,316,2
12766,310,6989.63,3,1
12769,32,1143.6,238,2
12770,12,1351.45,210,0
12772,55,892.47,59,2
12775,66,1386.04,16,2
12778,50,822.23,19,3
12779,149,3981.36,37,1
12781,25,826.74,63,2
12782,103,2330.92,4,1
12783,84,2225.91,1,1
12784,57,532.8199999999999,8,3
12785,14,311.95,363,0
12787,20,463.66,9,3
12789,4,91.85,64,0
12790,21,324.92,191,0
12791,2,192.60000000000002,373,0
12792,25,400.53999999999996,256,0
12793,24,545.48,334,0
12794,45,860.41,52,2
12795,14,430.48,18,3
12797,13,254.03,365,0
12798,8,6977.04,9,3
12802,25,427.58,186,0
12808,28,483.65000000000003,36,3
12809,25,489.31,177,0
12811,31,514.85,260,0
12812,15,229.64000000000001,44,0
12814,2,125.92,101,0
12815,47,1063.46,147,2
12816,29,572.2,95,2
12817,4,166.04,280,0
12818,14,1542.08,261,2
12820,59,942.34,2,3
12821,6,92.72,213,0
12822,46,948.88,70,2
12823,5,1759.5,74,0
12824,25,397.12,59,0
12826,91,1474.72,2,1
12827,25,430.15000000000003,5,3
12828,56,1018.71,2,3
12829,11,293.0,336,0
12830,38,6814.64,37,2
12831,9,215.05,261,0
12832,27,383.03,31,3
12833,24,417.38,144,0
12834,18,312.38,282,0
12836,174,2610.36,58,2
12837,12,134.1,172,0
12838,120,671.95,33,2
12839,314,5591.42,2,1
12840,113,2726.77,143,2
12841,414,3991.58,4,1
12842,34,1118.99,69,2
12843,103,1702.26,65,2
12844,52,325.96000000000004,28,3
12845,27,354.09,266,0
12847,84,843.64,21,2
12849,48,1010.29,30,2
12851,47,131.81,96,0
12852,17,311.55,294,0
12853,78,1957.1000000000001,134,2
12854,109,1316.25,78,2
12855,3,38.1,372,0
12856,311,2170.78,7,1
12857,46,1106.4,210,2
12863,5,521.2,51,0
12864,3,147.12,137,0
12865,95,1568.23,25,2
12866,26,559.12,282,0
12867,534,4009.34,25,1
12868,107,1607.0600000000002,185,2
12871,11,380.64,83,0
12872,66,599.97,326,2
12873,4,374.0,281,0
12875,2,343.2300000000001,142,0
12876,85,2218.02,57,2
12877,154,1535.77,3,1
12878,47,854.99,235,2
12879,10,573.22,44,0
12881,7,298.0,275,0
12882,13,1463.04,8,3
12883,42,703.47,24,3
12884,7,309.05,87,0
12885,71,1175.22,62,2
12886,82,1378.4,67,2
12888,5,354.12,213,0
12890,79,376.71999999999997,23,3
12891,3,331.0,185,0
12893,31,176.55,30,3
12895,22,372.8,41,3
12897,4,216.5,204,0
12901,116,17654.54,8,1
12902,10,138.68,264,0
12904,71,496.06,17,3
12906,63,2919.81,11,1
12908,2,750.0,175,0
12909,91,2178.67,39,2
12910,75,3075.04,22,2
12912,24,1662.3,2,3
12913,50,2483.63,4,1
12915,22,363.65,148,0
12916,103,2944.95,138,2
12917,2,594.0,127,0
12919,50,1335.19,7,3
12920,27,162.78,16,3
12921,720,16587.09,8,1
12922,28,405.38,160,0
12923,28,172.82,63,0
12924,30,933.7,87,2
12925,45,694.05,4,3
12928,84,2062.7000000000003,34,2
12929,8,117.85,311,0
12930,25,415.8,77,0
12931,82,42055.96,21,1
12933,106,607.53,23,2
12935,129,2160.7,1,1
12936,62,1063.9,16,3
12937,120,1504.27,14,1
12938,9,114.14,25,0
12939,47,11581.8,63,2
12940,96,899.69,54,2
12942,70,675.6,130,2
12944,30,604.51,35,3
12945,23,462.95,287,0
12947,97,1603.99,143,2
12948,116,2064.95,15,1
12949,215,4167.22,30,1
12950,23,1843.0,1,3
12951,63,1064.07,8,3
12952,79,1387.79,5,1
12953,17,329.85,9,3
12955,180,4757.16,0,1
12956,19,108.07,305,0
12957,238,4017.54,9,1
12962,16,266.39,6,3
12963,95,1856.63,7,1
12965,108,769.8100000000001,88,2
12966,10,160.18,9,3
12967,19,1660.9,357,2
12968,5,135.95,111,0
12970,129,405.47,6,3
12971,305,11189.91,3,1
12974,8,144.8,197,0
12976,22,738.6,211,0
12977,9,39.239999999999995,155,0
12980,20,7374.900000000001,157,2
12981,20,372.21999999999997,29,3
12982,28,390.54,242,0
12984,4,97.5,18,0
12985,76,1239.38,0,1
12987,28,558.7,73,2
12988,83,505.82,291,2
12989,64,6924.110000000001,2,1
12990,13,409.5,30,3
12991,31,503.76,22,3
12993,27,414.76,22,3
12994,61,974.4200000000001,3,3
12995,3,211.32,84,0
12997,59,1226.89,21,2
12999,28,455.88,195,0
13000,31,534.85,106,2
13001,337,9785.970000000001,3,1
13002,7,120.94999999999999,317,0
13003,6,149.05,105,0
13004,404,5655.91,11,1
13005,26,513.7,173,0
13006,4,81.57,55,0
13008,14,229.46999999999997,322,0
13011,3,50.550000000000004,371,0
13012,88,1646.8400000000001,8,1
13013,219,4810.9400000000005,0,1
13014,109,3466.2799999999997,10,1
13015,175,3339.64,52,2
13016,47,789.89,72,2
13017,1,204.0,6,3
13018,458,7277.7,15,1
13021,131,2616.38,3,1
13023,40,689.9,63,2
13026,40,975.36,0,3
13027,26,6912.0,113,2
13028,45,661.3199999999999,22,3
13029,10,1247.5,30,3
13030,92,752.4399999999999,10,3
13032,71,1010.18,51,2
13033,11,190.55,356,0
13034,37,642.77,54,2
13035,27,921.88,73,2
13037,48,881.07,137,2
13038,28,908.46,79,2
13040,43,676.99,8,3
13043,13,516.42,272,0
13044,33,560.47,290,0
13045,18,305.28000000000003,98,0
13046,35,629.31,30,3
13047,172,3237.54,31,1
13048,135,1819.41,13,1
13049,14,656.6800000000001,63,0
13050,403,5836.86,14,1
13052,18,348.15000000000003,211,0
13055,76,1214.41,77,2
13058,8,271.40000000000003,24,3
13059,8,183.4,249,0
13060,15,307.53,253,0
13061,10,248.61,71,0
13062,11,346.98,190,0
13064,68,1105.59,12,3
13065,14,205.86,372,0
13066,48,470.8,23,3
13067,15,115.46000000000001,81,0
13068,2,344.0,9,3
13069,424,4431.44,0,1
13070,9,228.8,191,0
13072,7,177.15,266,0
13075,22,919.61,129,2
13077,111,728.02,0,1
13078,358,12627.94,2,1
13079,6,220.10000000000002,3,3
13080,6,58.08,178,0
13081,1024,28337.38,11,1
13082,73,3613.63,125,2
13083,18,303.75,3,3
13085,22,416.08000000000004,157,0
13089,1814,58762.08,2,1
13090,155,8910.82,8,1
13091,21,345.82,27,3
13092,25,477.83,70,0
13093,159,7832.47,275,2
13094,24,1927.3200000000002,20,3
13095,6,74.39999999999999,70,0
13097,421,6003.22,32,1
13098,572,28882.44,0,1
13099,1,207.35999999999999,98,0
13101,8,101.19,233,0
13102,304,6424.09,0,1
13103,8,243.94,39,0
13104,20,1098.48,2,3
13106,1,76.5,132,0
13107,58,1531.6200000000001,43,2
13108,10,350.06,372,0
13109,47,786.54,59,2
13110,145,1488.67,30,2
13113,200,12245.960000000001,0,1
13115,120,2294.78,11,1
13116,30,501.14,137,0
13117,76,984.91,21,2
13118,79,1197.81,19,2
13120,1,30.599999999999998,238,0
13121,50,283.73,268,0
13122,55,922.39,93,2
13124,222,3756.33,89,2
13126,140,2099.64,4,1
13127,15,259.17,77,0
13130,2,64.0,93,0
13131,44,1073.3,22,3
13132,3,77.3,261,0
13133,7,109.8,273,0
13134,98,1793.58,85,2
13135,1,3096.0,196,0
13136,127,2607.61,55,2
13137,687,3603.29,10,1
13138,63,962.39,21,2
13139,170,5064.94,15,1
13140,45,422.47,107,2
13141,135,2388.75,84,2
13142,23,307.09,18,3
13144,3,110.95,332,0
13145,6,618.52,39,0
13146,17,228.91,25,3
13147,4,712.8000000000001,9,3
13148,312,3683.26,28,1
13149,86,1676.06,13,1
13151,74,1257.8700000000001,295,2
13153,15,486.22,5,3
13155,85,971.76,32,2
13157,87,1741.22,48,2
13158,79,1201.06,94,2
13159,120,1429.35,8,1
13160,4,91.8,21,0
13161,8,112.75,312,0
13162,79,1688.29,121,2
13165,42,1021.48,45,2
13166,41,417.2,282,0
13167,65,791.33,18,3
13168,126,1299.59,35,2
13169,13,712.88,63,0
13170,30,108.81,26,3
13171,46,468.41,21,3
13173,43,353.65,3,3
13174,293,2742.82,15,1
13176,67,481.49,45,2
13177,17,282.45,64,0
13178,265,5725.47,25,1
13182,11,121.18,44,0
13183,94,3957.78,7,1
13184,179,1668.95,14,1
13185,1,71.4,267,0
13186,79,1575.89,39,2
13187,37,236.02,336,0
13188,2,114.60000000000001,10,3
13189,29,260.68,18,3
13192,63,911.94,94,2
13193,25,112.08,60,0
13194,3,60.7,135,0
13196,110,1797.78,10,1
13198,226,3401.2400000000002,9,1
13199,119,9817.12,3,1
13200,46,870.09,18,3
13203,57,869.46,9,3
13207,8,250.26000000000002,14,3
13208,148,1217.65,58,2
13209,321,5891.61,29,1
13210,22,353.48,93,0
13211,55,1095.42,9,3
13212,141,786.83,19,2
13213,90,1520.58,56,2
13216,5,333.74,267,0
13217,4,533.98,121,0
13218,5,62.63999999999999,126,0
13220,21,819.2900000000001,77,2
13221,66,847.41,239,2
13223,5,163.20000000000002,199,0
13224,108,2155.95,59,2
13225,32,6463.84,2,1
13226,16,108.21000000000001,272,0
13227,9,257.7,201,0
13228,2,358.0,80,0
13229,10,160.95,225,0
13230,587,2755.63,3,1
13232,202,1328.35,12,1
13233,43,605.12,73,2
13235,58,1031.07,211,2
13236,36,744.85,24,3
13238,31,700.73,16,3
13239,21,329.56,261,0
13240,67,663.65,95,2
13242,13,270.40000000000003,111,0
13243,57,585.12,202,2
13244,27,121.74000000000001,92,0
13245,16,430.5,50,0
13246,136,1961.52,17,1
13247,25,501.12,17,3
13248,26,465.68,124,0
13249,23,711.41,91,2
13253,36,1030.4,156,2
13255,13,399.51,8,3
13258,36,672.83,11,3
13259,81,283.18,61,2
13260,8,557.62,60,0
13261,9,944.1,268,0
13262,11,200.29,262,0
13263,1667,7436.93,0,1
13265,90,2092.66,52,2
13266,187,3834.2599999999998,10,1
13267,211,4521.49,2,1
13268,433,3174.75,17,1
13269,315,5343.28,0,1
13270,1,590.0,365,0
13271,87,211.49,36,3
13272,15,276.56,30,3
13273,16,138.98,112,0
13276,30,590.9300000000001,63,2
13277,8,258.4,15,3
13278,46,542.73,40,2
13279,9,137.75,77,0
13280,82,798.46,121,2
13282,37,1132.14,17,3
13283,7,93.66,59,0
13284,13,201.19,330,0
13285,187,2709.12,22,1
13291,42,361.11,155,0
13292,31,578.9399999999999,38,3
13294,54,873.74,189,2
13295,10,201.20000000000002,359,0
13296,5,87.4,136,0
13297,59,2089.85,7,1
13298,2,360.0,0,3
13299,5,142.5,267,0
13300,20,371.89,168,0
13301,81,618.09,103,2
13302,1,63.75,154,0
13304,21,300.42,350,0
13305,81,2000.86,3,1
13307,1,15.0,119,0
13308,54,1385.51,22,2
13309,107,1456.79,6,1
13310,72,1132.03,27,2
13311,26,598.57,3,3
13313,78,1555.32,21,2
13314,62,775.94,1,3
13316,86,5732.93,36,1
13317,124,2273.68,65,2
13318,20,640.76,0,3
13319,476,10845.550000000001,4,1
13320,105,1532.2,77,2
13321,11,567.36,71,0
13322,25,199.48000000000002,16,3
13323,21,787.85,2,3
13324,75,7121.95,35,1
13325,12,675.3,81,0
13327,108,3627.77,38,2
13328,17,1308.48,315,0
13329,17,789.0,31,3
13330,53,1140.93,92,2
13332,21,350.9,13,3
13334,265,3502.32,81,2
13336,51,795.12,76,2
13338,19,487.02,157,0
13339,54,860.12,200,2
13340,134,10736.48,44,1
13341,42,775.85,260,2
13343,19,353.43,177,0
13344,116,2511.69,67,2
13345,20,389.5,287,0
13347,8,341.36,69,0
13348,14,233.76,63,0
13349,16,247.32,10,3
13350,40,979.12,15,3
13351,16,373.94,65,0
13352,24,397.97999999999996,59,0
13354,51,743.53,70,2
13355,32,674.7,121,2
13356,42,768.24,79,2
13357,89,609.4,256,2
13358,29,439.03,268,0
13359,23,439.56,63,0
13362,166,3090.7400000000002,8,1
13363,60,992.5,17,3
13364,10,134.95999999999998,70,0
13365,128,2225.37,33,2
13366,1,56.160000000000004,49,0
13368,29,623.4,256,0
13369,14,308.28000000000003,365,0
13370,39,754.87,371,2
13372,23,378.64,89,0
13373,158,3312.25,60,2
13375,37,778.65,88,2
13376,53,1019.76,98,2
13379,97,572.56,25,2
13381,172,3639.31,31,1
13382,15,222.99,280,0
13384,152,4151.93,30,1
13385,35,534.57,329,0
13388,35,677.1,130,2
13389,51,797.96,10,3
13390,13,544.08,74,0
13391,1,59.8,203,0
13394,155,2520.02,1,1
13395,21,307.72,184,0
13396,43,1360.99,28,2
13397,38,1544.13,72,2
13398,26,457.34,191,0
13402,39,621.23,126,2
13403,3,75.0,17,0
13404,11,252.49,0,3
13405,27,572.451,73,2
13408,478,28117.04,1,1
13410,28,1003.06,23,3
13411,18,213.55,106,0
13414,24,1390.5,133,2
13416,19,712.5,43,3
13417,28,640.83,4,3
13418,304,6127.43,11,1
13419,16,221.06,63,0
13420,8,159.85,149,0
13421,102,1833.71,39,2
13422,127,2626.3,63,2
13425,78,1624.21,107,2
13426,157,3641.32,0,1
13427,29,582.6,18,3
13428,71,201.78,9,3
13429,67,1006.8,10,3
13430,49,679.45,18,3
13431,46,1269.1,66,2
13434,10,534.24,73,0
13435,101,3809.8900000000003,4,1
13436,12,196.89,1,3
13437,167,3408.06,13,1
13439,54,283.71,254,0
13441,13,296.64,91,0
13447,59,1129.14,22,2
13448,194,3534.69,16,1
13449,19,291.88,23,3
13450,71,2043.7199999999998,26,2
13451,433,2898.2599999999998,25,1
13452,2,590.0,258,0
13453,17,356.97999999999996,165,0
13455,46,1058.34,24,2
13456,63,1766.72,17,2
13458,382,9646.57,6,1
13460,17,183.44,28,3
13461,27,1445.0,38,2
13462,9,151.5,252,0
13464,41,674.68,57,2
13466,17,307.9,183,0
13467,98,1071.91,10,3
13468,302,5704.97,1,1
13470,10,165.0,98,0
13471,254,2501.84,0,1
13473,21,422.64,60,0
13474,62,226.84,235,0
13475,86,1431.78,190,2
13476,58,1238.47,178,2
13477,79,1454.58,37,2
13479,15,300.95,200,0
13481,109,1804.56,45,2
13482,11,184.64,231,0
13483,10,140.34,65,0
13484,8,313.8,240,0
13485,23,454.24,232,0
13486,69,1122.41,77,2
13487,34,575.4,57,2
13488,422,8968.31,16,1
13489,14,449.52,104,0
13491,86,1215.82,51,2
13492,50,1269.84,135,2
13493,8,618.63,274,0
13494,18,316.26000000000005,311,0
13495,48,2044.8700000000001,7,1
13496,35,653.33,10,3
13497,19,348.05,282,0
13499,42,1159.11,17,3
13500,65,1166.77,22,2
13501,52,1340.32,287,2
13502,18,292.0,16,3
13503,17,216.85,70,0
13504,22,295.93,63,0
13505,215,4393.63,72,2
13506,26,458.52,315,0
13507,162,2479.16,2,1
13508,12,110.97,243,0
13509,44,979.72,8,3
13510,115,1791.56,0,1
13512,15,251.21,260,0
13513,10,205.1,126,0
13514,4,152.20000000000002,73,0
13515,59,891.12,72,2
13516,44,1389.41,20,2
13517,141,2128.42,59,2
13518,36,627.16,85,2
13519,8,122.75,77,0
13520,93,3624.35,58,2
13521,418,1071.73,0,1
13522,5,125.80000000000001,29,0
13523,172,3964.88,32,1
13524,27,680.1800000000001,40,3
13525,6,628.78,14,3
13527,217,2242.36,33,1
13529,15,307.76,78,0
13531,22,483.8,204,0
13532,66,210.31,33,3
13533,75,269.09,182,2
13534,296,5870.08,1,1
13536,178,3444.39,0,1
13538,25,1280.85,42,2
13539,37,631.34,85,2
13544,78,276.06,39,3
13546,97,621.09,11,3
13548,123,678.16,95,2
13549,51,918.2,25,2
13551,4,91.80000000000001,318,0
13552,109,3740.07,65,2
13555,135,4098.88,73,2
13557,34,584.06,27,3
13558,169,594.52,5,1
13560,32,171.42000000000002,6,3
13561,14,141.85999999999999,215,0
13562,82,1799.33,81,2
13563,49,777.53,83,2
13564,81,1724.67,143,2
13565,38,240.22,18,3
13566,169,856.84,40,2
13568,43,187.05,172,0
13569,79,338.62,16,3
13570,27,239.49,242,0
13571,340,2088.94,12,1
13572,33,1384.25,205,2
13573,25,290.25,49,3
13575,46,732.0699999999999,22,3
13576,126,6717.34,9,1
13577,83,1687.6000000000001,24,2
13579,23,467.04,14,3
13581,10,118.0,308,0
13583,53,781.03,155,2
13584,24,142.4,306,0
13587,8,712.4,63,0
13588,174,2478.95,15,1
13589,21,379.65,14,3
13590,87,1981.92,10,1
13591,58,1117.13,64,2
13592,16,247.95999999999998,35,3
13593,127,2011.88,107,2
13594,26,396.97,52,3
13596,146,664.11,5,1
13598,35,160.04,46,3
13599,246,5149.92,0,1
13600,19,219.52,311,0
13601,99,693.32,44,2
13602,23,428.89,64,0
13603,27,164.34,25,3
13606,40,276.75,28,3
13607,97,675.51,39,2
13610,215,1082.33,11,1
13611,72,1154.4,88,2
13614,195,1585.46,23,1
13615,23,417.69,318,0
13617,44,544.18,39,2
13618,13,177.34,173,0
13621,19,213.85,116,0
13623,78,727.74,30,2
13626,19,257.23,252,0
13627,92,1638.47,58,2
13629,59,7792.36,22,1
13630,71,2031.78,4,1
13631,11,3070.42,99,2
13632,145,2118.93,24,1
13634,186,1547.3600000000001,32,2
13635,62,1071.03,67,2
13636,63,949.12,36,2
13637,99,804.3,51,2
13638,8,122.64,15,3
13639,40,1033.34,73,2
13642,57,312.28,215,0
13643,28,519.44,30,3
13644,146,2624.26,15,1
13645,5,252.1,119,0
13647,78,1648.1200000000001,9,1
13649,23,346.6,256,0
13650,96,1836.34,16,1
13651,6,94.2,34,0
13652,63,1095.08,45,2
13654,166,2707.33,42,2
13655,56,932.97,113,2
13656,49,379.65,164,2
13657,16,382.14,10,3
13658,108,2639.17,9,1
13659,103,1563.0,205,2
13662,52,881.26,85,2
13663,13,189.47,178,0
13666,12,84.65,59,0
13667,83,299.05,148,2
13668,463,6309.83,2,1
13669,9,218.55,50,0
13670,25,349.7,74,0
13672,6,186.39000000000001,300,0
13673,60,387.44,18,3
13675,25,486.82000000000005,150,0
13678,16,232.6,151,0
13680,194,3719.12,0,1
13681,57,827.83,17,3
13682,3,59.5,186,0
13684,29,65.13,285,0
13685,39,3119.44,2,1
13686,8,72.0,182,0
13689,6,910.0,62,0
13690,9,172.25,58,0
13692,53,1488.32,24,2
13694,568,65039.62,3,1
13695,90,2504.13,30,2
13697,12,151.29999999999998,38,0
13699,14,308.58000000000004,154,0
13700,194,2248.63,25,1
13703,1,99.5,317,0
13704,134,2308.06,4,1
13705,28,711.86,7,3
13706,20,330.79,302,0
13707,48,806.41,266,2
13708,49,285.33,270,0
13709,335,6307.650000000001,3,1
13710,8,180.48,31,0
13711,13,252.06,218,0
13712,10,228.84,246,0
13715,104,1077.39,280,2
13716,21,138.28,268,0
13717,102,1445.01,31,2
13718,12,306.55,245,0
13719,60,1041.68,14,3
13720,43,799.9,116,2
13721,28,524.14,35,3
13722,85,2375.41,131,2
13723,6,199.85000000000002,216,0
13725,104,1980.56,49,2
13726,42,1079.6599999999999,38,2
13727,20,333.48,28,3
13728,63,1016.14,36,2
13730,43,752.6,135,2
13731,38,610.59,218,2
13732,33,491.86,27,3
13735,195,2883.54,24,1
13736,190,729.8,4,1
13737,30,339.59999999999997,199,0
13739,3,216.9,17,0
13740,23,350.75,240,0
13741,34,668.4300000000001,71,2
13742,313,3107.87,16,1
13743,41,1341.6,2,3
13744,63,1080.52,94,2
13745,25,300.04,161,0
13747,1,79.6,373,0
13748,28,948.25,95,2
13750,24,1647.26,53,2
13751,9,296.25,287,0
13752,75,1175.38,123,2
13753,35,741.26,287,2
13754,12,282.59999999999997,151,0
13755,321,2108.06,3,1
13756,142,5189.52,1,1
13758,117,3190.55,11,1
13759,25,659.4100000000001,32,3
13760,57,286.79,53,3
13761,70,1070.65,49,2
13762,7,306.72,218,0
13763,15,1714.96,62,2
13764,207,1519.42,70,2
13767,368,17220.36,1,1
13769,135,2796.51,1,1
13771,119,2634.45,63,2
13772,173,1122.63,33,2
13774,22,345.0,81,0
13777,197,25977.16,0,1
13778,9,178.7,102,0
13780,57,360.01,6,3
13781,17,127.84,250,0
13782,113,908.86,12,3
13784,31,2462.79,9,3
13786,7,230.39999999999998,366,0
13787,31,309.04,75,0
13790,45,348.8,3,3
13791,11,1516.0,127,2
13792,13,195.55,65,0
13798,349,37153.85,0,1
13799,39,688.86,116,2
13800,33,558.32,309,0
13801,23,324.8,66,0
13802,60,4599.42,138,2
13803,17,277.07,254,0
13804,135,2588.39,30,2
13805,13,924.6,51,3
13806,10,256.38,63,0
13807,7,112.6,366,0
13808,76,1747.66,5,1
13809,12,155.05,304,0
13810,35,1499.01,28,2
13811,13,814.5,183,0
13812,36,539.0,41,3
13813,69,1366.8600000000001,39,2
13814,57,1579.12,91,2
13815,176,4027.36,21,1
13816,28,571.6700000000001,23,3
13817,24,382.98,28,3
13819,36,1140.35,301,2
13821,59,385.64,144,2
13822,96,632.0,5,3
13823,40,957.66,18,3
13824,46,1698.94,32,2
13826,10,189.5,175,0
13827,92,409.8,57,2
13828,15,209.49,21,3
13831,72,2198.45,15,1
13832,3,52.199999999999996,18,0
13833,28,383.85,158,0
13835,55,834.57,24,3
13837,18,266.59000000000003,211,0
13838,165,674.82,5,1
13841,1,85.0,252,0
13842,206,3385.62,58,2
13844,20,361.62,10,3
13845,9,312.98,64,0
13846,55,865.0600000000001,24,2
13848,5,1255.0,91,0
13849,101,1537.95,51,2
13850,93,1595.48,128,2
13851,81,2651.46,95,2
13853,23,1090.14,56,2
13854,110,8109.5199999999995,8,1
13856,14,388.5,168,0
13858,11,216.17,56,0
13859,28,201.16,325,0
13860,76,1245.9,0,1
13862,139,2209.36,17,1
13863,20,305.78,247,0
13865,30,501.56,57,2
13866,7,145.67000000000002,73,0
13867,60,1005.09,30,2
13868,33,3192.54,6,1
13869,304,3083.65,122,2
13870,115,2770.94,1,1
13871,336,6403.25,22,1
13873,23,389.6,119,0
13874,18,540.45,357,0
13875,104,1786.79,53,2
13876,7,122.7,63,0
13877,3,117.24,85,0
13878,35,1271.57,54,2
13880,165,3219.77,20,1
13881,178,17159.52,3,1
13882,65,1191.13,2,1
13883,142,2674.48,10,1
13884,59,787.6,6,3
13885,28,506.8,188,0
13886,16,243.56,70,0
13887,19,349.55,203,0
13888,39,595.67,119,2
13889,15,416.90000000000003,92,0
13890,110,1883.8100000000002,0,1
13892,27,632.97,26,3
13893,21,821.1,297,0
13894,27,564.62,23,3
13895,118,2593.07,27,2
13897,17,311.16,49,0
13898,12,155.93,325,0
13899,19,388.52,15,3
13900,43,740.95,182,2
13901,149,2867.2,71,2
13904,26,332.64,36,3
13908,122,2369.55,79,2
13911,148,2580.91,56,2
13914,33,626.45,11,3
13917,18,272.04,49,0
13918,30,1212.8400000000001,49,2
13919,28,384.81,58,3
13922,7,172.25,351,0
13923,20,351.13,53,0
13924,117,1838.8500000000001,1,1
13925,41,678.25,92,2
13926,11,223.85000000000002,22,3
13927,21,348.99,74,0
13928,27,464.57,10,3
13929,9,842.65,168,0
13930,17,337.34,57,0
13931,58,1237.53,95,2
13932,16,307.4,294,0
13933,23,608.7900000000001,108,0
13934,31,922.1,263,2
13936,26,376.58,179,0
13937,9,158.85,168,0
13938,7,71.66,34,0
13939,45,568.55,22,3
13940,49,839.14,16,3
13941,45,5112.96,21,1
13946,11,561.5699999999999,78,0
13947,5,90.6,64,0
13948,3,102.0,360,0
13949,160,2427.32,2,1
13950,35,745.06,10,3
13951,39,674.45,175,2
13952,137,3251.071,217,2
13953,20,3515.68,6,3
13954,25,439.92,1,3
13955,33,322.96,153,0
13956,147,1019.27,4,1
13959,90,594.04,78,2
13960,12,230.22,20,3
13962,11,169.55,21,3
13963,35,664.54,307,2
13967,2,80.7,145,0
13969,619,9024.17,6,1
13971,149,2758.26,18,1
13972,15,190.25,70,0
13973,11,264.7,286,0
13974,28,413.59000000000003,48,3
13975,329,2461.2400000000002,30,1
13976,10,357.98,206,0
13978,15,196.79000000000002,14,3
13979,54,869.87,72,2
13980,11,200.14,59,0
13982,111,1871.81,38,2
13983,107,2603.43,29,2
13984,16,920.51,26,3
13985,349,7060.13,3,1
13986,13,320.46,16,3
13988,234,4147.96,19,1
13989,41,1266.08,65,2
13990,16,311.3,212,0
13991,82,852.88,11,3
13992,5,76.8,29,0
13993,121,3466.36,42,2
13994,148,2274.14,3,1
13995,86,1393.69,14,2
13999,208,3901.81,9,1
14000,15,635.66,210,0
14001,39,2043.0800000000002,45,2
14002,47,529.73,133,2
14004,171,4582.64,42,1
14005,84,2874.72,9,1
14006,30,962.19,115,2
14009,42,695.61,197,2
14012,11,328.8,277,0
14013,34,473.02,109,2
14014,39,505.18,76,2
14015,20,917.34,52,2
14016,161,4341.21,161,2
14019,66,1421.61,46,2
14020,39,642.8,16,3
14021,22,631.9,154,0
14022,28,440.0,224,0
14023,31,584.07,6,3
14024,16,327.7,121,0
14027,6,104.82,60,0
14029,15,467.66,62,0
14030,242,2358.84,17,1
14031,250,17286.86,6,1
14032,143,2975.59,1,1
14034,86,648.89,21,3
14035,66,1428.02,28,2
14036,38,626.65,284,2
14037,28,147.20000000000002,175,0
14038,92,1560.38,77,2
14039,6,152.2,32,0
14040,229,3560.32,40,1
14041,21,141.41,265,0
14044,206,646.42,26,2
14045,6,1659.75,108,0
14046,14,154.99,283,0
14047,32,1308.6100000000001,8,3
14048,85,409.93,304,2
14049,478,5578.72,16,1
14050,54,746.36,31,2
14051,210,15610.390000000001,0,1
14052,56,225.36,19,3
14053,4,260.25,123,0
14054,6,92.46,64,0
14055,10,725.6400000000001,105,0
14056,1088,8152.71,0,1
14057,283,6211.66,23,1
14059,8,183.6,266,0
14060,202,6140.42,4,1
14062,111,10464.85,9,1
14064,77,1334.34,28,2
14066,7,152.55,266,0
14067,52,374.7,63,2
14068,24,265.85,319,0
14071,323,1437.57,3,1
14073,13,151.04,31,0
14075,43,942.26,4,3
14076,44,118.67,128,0
14077,42,499.41999999999996,40,3
14078,65,1049.37,101,2
14079,12,375.1,124,0
14080,4,45.599999999999994,32,0
14081,150,921.62,301,2
14082,29,182.25,364,0
14083,177,1002.9,3,1
14085,448,4421.29,1,1
14087,68,191.47,2,3
14088,589,50491.81,9,1
14089,13,158.75,56,0
14090,1,76.32000000000001,324,0
14092,214,4076.91,7,1
14093,100,433.86,11,3
14096,5111,65164.79,3,1
14098,21,147.35,36,0
14099,250,3104.17,15,1
14100,25,191.95000000000002,137,0
14101,35,5976.79,73,2
14102,58,1105.8799999999999,4,3
14104,21,216.20999999999998,154,0
14105,74,1266.23,238,2
14107,123,2703.23,51,2
14108,34,597.91,30,3
14109,9,144.2,72,0
14110,155,5683.15,3,1
14111,10,692.85,13,3
14112,160,2915.15,22,1
14113,34,1840.42,3,3
14114,15,386.53,273,0
14116,72,1382.74,19,2
14117,3,90.0,143,0
14121,159,2780.15,3,1
14124,5,419.58000000000004,83,0
14125,166,2720.63,10,1
14126,15,706.1300000000001,7,3
14127,44,709.71,122,2
14128,46,637.5,60,2
14129,52,1123.8600000000001,1,3
14130,66,480.91,318,2
14132,200,3586.0299999999997,1,1
14133,28,605.64,129,2
14135,134,4690.31,1,1
14138,46,965.8800000000001,1,3
14139,26,415.82,45,3
14140,66,935.05,3,3
14141,40,915.13,2,3
14142,22,311.81,372,0
14143,7,115.8,133,0
14145,11,3742.2,46,2
14146,210,4191.0,8,1
14147,5,483.4,77,0
14148,3,157.2,233,0
14149,28,446.62,220,0
14150,26,658.64,35,3
14152,49,621.29,74,2
14154,52,1345.62,238,2
14155,6,118.75,265,0
14156,1395,117210.08,9,1
14157,46,424.89000000000004,19,3
14158,41,507.66,39,3
14159,1175,4630.35,19,1
14161,104,1097.6200000000001,215,2
14162,25,289.36,173,0
14163,52,2445.91,86,2
14164,29,1631.77,70,2
14165,24,120.44,275,0
14167,50,562.59,38,2
14171,58,363.79,97,2
14173,29,450.84,10,3
14174,26,134.46,32,3
14175,149,3222.3,59,2
14176,31,576.9000000000001,296,0
14177,41,549.46,85,2
14178,318,1600.26,8,1
14179,157,701.57,40,2
14180,240,4748.52,10,1
14184,24,452.89,66,0
14185,3,197.65,330,0
14188,65,2054.36,30,2
14189,265,4654.08,1,1
14191,259,4684.76,1,1
14193,42,853.39,67,2
14194,579,11349.52,4,1
14195,7,1012.0,201,0
14196,6,335.52,106,0
14198,39,701.4,17,3
14199,2,185.39999999999998,217,0
14201,37,747.44,59,2
14204,39,150.61,1,3
14205,24,466.7,16,3
14206,20,328.15999999999997,238,0
14208,10,151.74,94,0
14209,87,2073.43,10,1
14210,102,1905.8400000000001,105,2
14211,112,2241.1,52,2
14212,9,1070.48,89,0
14214,67,1004.38,30,2
14215,108,1789.72,11,1
14216,59,1839.3,2,1
14217,100,2004.98,1,1
14218,12,169.48000000000002,42,0
14219,7,89.94,3,3
14220,21,632.4,246,0
14221,193,3432.8,41,1
14222,41,683.17,176,2
14223,60,991.13,91,2
14224,113,1009.73,109,2
14226,66,2214.79,28,2
14227,175,3350.96,25,1
14229,40,1547.2,51,2
14231,50,925.71,183,2
14232,115,2048.07,42,2
14233,35,1462.72,48,2
14234,147,754.12,21,2
14235,79,3144.86,74,2
14236,15,490.86,80,0
14237,9,161.0,372,0
14238,8,146.85,325,0
14239,112,2380.85,42,2
14240,42,890.34,29,2
14241,10,213.70000000000002,183,0
14242,16,280.55,234,0
14243,141,2588.77,8,1
14245,108,1693.45,219,2
14246,75,1474.06,110,2
14247,20,136.76999999999998,277,0
14248,8,302.58,317,0
14250,111,1904.05,6,1
14251,78,2879.7000000000003,1,1
14256,53,969.0600000000001,259,2
14257,106,3099.7200000000003,63,2
14258,111,12669.98,8,1
14259,5,120.0,141,0
14261,52,1163.45,50,2
14262,143,2618.23,7,1
14264,17,333.97,154,0
14265,31,530.18,108,2
14267,55,1516.24,162,2
14270,29,492.65000000000003,331,0
14271,10,112.32,225,0
14272,33,437.96,73,2
14273,29,559.97,50,3
14276,64,1119.74,98,2
14277,222,4188.0,14,1
14280,8,134.04,196,0
14282,154,3701.44,2,1
14284,32,595.25,30,3
14285,27,1910.01,20,3
14286,280,4628.75,23,1
14287,9,176.63,7,3
14288,16,426.6,212,0
14289,47,911.26,8,3
14290,101,2314.65,10,1
14291,237,3883.25,1,1
14292,100,4871.93,7,1
14293,61,1046.56,2,3
14295,5,166.20000000000002,39,0
14297,62,1305.33,17,2
14298,1637,51527.3,7,1
14299,143,3965.62,7,1
14300,3,43.2,18,0
14301,13,640.14,116,0
14304,17,383.45,222,0
14305,105,1858.96,70,2
14306,33,2093.32,50,2
14307,180,2995.72,88,2
14309,117,2352.53,7,1
14311,20,310.26,242,0
14312,87,1611.59,46,2
14314,8,120.0,106,0
14315,101,2481.13,44,2
14317,24,508.58000000000004,64,0
14320,31,477.79,206,0
14321,123,1530.75,10,1
14323,36,605.0600000000001,114,2
14326,8,183.85,241,0
14327,12,311.65,162,0
14329,258,4975.24,16,1
14331,28,462.65999999999997,123,0
14332,25,840.21,22,3
14333,15,415.2,67,0
14334,162,2552.21,16,1
14335,60,454.86,15,3
14336,90,1614.91,16,2
14338,31,588.22,160,2
14339,14,309.52,242,0
14340,6,134.7,218,0
14341,128,2166.98,44,2
14342,21,668.5600000000001,20,3
14344,71,889.9300000000001,126,2
14345,6,108.97999999999999,38,0
14346,60,1021.58,120,2
14348,18,409.57,259,0
14349,31,133.5,9,3
14350,18,282.93,273,0
14351,1,51.0,164,0
14352,47,1078.96,156,2
14353,6,90.6,214,0
14354,9,163.62,5,3
14355,11,174.4,365,0
14356,33,701.23,79,2
14357,40,225.12,42,3
14359,55,912.18,18,3
14360,117,2118.03,31,2
14362,37,151.5,21,3
14364,69,3717.35,108,2
14367,521,9227.82,7,1
14368,8,155.0,319,0
14371,4,100.5,294,0
14373,4,76.55,357,0
14375,66,235.56,184,0
14377,11,617.05,190,0
14379,46,348.1,43,3
14381,56,202.68,51,3
14382,126,615.49,25,2
14383,59,1247.69,37,2
14385,14,202.11,8,3
14386,7,142.4,296,0
14387,139,1727.6,32,2
14388,186,3212.84,9,1
14389,45,1043.46,64,2
14390,284,4642.57,9,1
14393,5,67.95,217,0
14395,348,3479.91,1,1
14396,73,487.99,64,2
14397,87,2612.96,2,1
14400,25,574.7,148,0
14401,182,4051.48,3,1
14403,20,1475.81,129,2
14404,100,1449.32,33,2
14406,8,156.75,118,0
14407,73,2157.73,106,2
14408,106,2599.03,10,1
14409,54,2059.4500000000003,70,2
14410,189,1100.27,91,2
14411,14,1063.0,310,0
14412,43,770.03,42,2
14413,22,121.05,361,0
14414,97,1496.98,91,2
14415,579,5855.57,0,1
14416,14,490.22,21,3
14418,124,1937.25,3,1
14419,202,1051.79,10,1
14420,29,387.52,98,0
14421,27,813.11,56,2
14422,222,4263.64,0,1
14423,3,265.2,217,0
14424,1,322.08,17,0
14426,224,4481.67,23,1
14427,17,363.34000000000003,49,0
14428,137,1224.06,6,1
14431,17,470.36,302,0
14432,377,2248.5,9,1
14434,12,1372.8,21,3
14436,9,89.06,98,0
14437,5,63.0,365,0
14438,9,131.9,305,0
14439,32,2661.24,319,2
14440,55,2357.6800000000003,7,1
14441,51,1712.89,0,1
14442,63,1589.82,204,2
14443,93,1420.2,53,2
14446,277,1010.35,0,1
14447,70,1163.23,18,2
14448,20,375.35,8,3
14449,250,885.8,18,1
14450,40,483.25,180,2
14451,105,643.9,59,2
14452,60,259.05,10,3
14453,22,119.93,189,0
14456,947,3017.28,4,1
14457,4,113.64,310,0
14459,37,1837.92,154,2
14460,16,434.34,109,0
14461,180,2103.06,147,2
14462,233,1980.57,65,2
14463,6,529.62,97,0
14465,123,1038.44,246,2
14466,72,2272.4,28,2
14467,89,596.26,17,3
14470,43,461.19,11,3
14472,265,1852.67,103,2
14473,7,234.34000000000003,73,0
14474,29,547.66,45,3
14475,42,925.85,71,2
14476,17,193.0,256,0
14477,10,1309.6,19,3
14479,18,316.25,253,0
14480,13,279.05,10,3
14481,30,636.51,164,2
14482,137,2022.81,17,1
14483,9,137.1,281,0
14484,14,321.92,49,0
14485,46,162.8,38,3
14487,140,1165.48,26,2
14488,46,1064.28,67,2
14489,30,463.38,206,0
14491,17,340.93,174,0
14493,120,2383.2400000000002,6,1
14494,7,139.56,25,0
14495,6,123.8,50,0
14496,19,538.8100000000001,311,0
14497,29,475.37,308,0
14498,193,1957.32,42,2
14499,190,808.44,25,2
14500,7,356.85,87,0
14501,10,251.21,183,0
14502,608,2429.83,19,1
14503,164,3543.26,2,1
14504,107,673.26,46,2
14505,785,5859.43,16,1
14506,295,1960.65,16,1
14507,95,1367.88,23,2
14508,55,268.05,21,3
14511,68,1314.81,10,3
14512,23,275.28,187,0
14513,12,455.59000000000003,100,0
14514,69,990.2,60,2
14515,98,2076.89,17,1
14517,18,330.45,32,3
14518,16,174.37,63,0
14520,4,270.6,1,3
14522,17,974.54,23,3
14523,12,241.09,107,0
14524,197,1843.83,31,2
14525,282,4215.9,19,1
14527,971,8507.13,2,1
14528,18,364.21999999999997,36,3
14529,213,578.61,59,2
14530,213,2862.11,25,1
14532,64,932.85,235,2
14533,62,1949.72,24,2
14534,508,4397.3,2,1
14535,328,2854.84,59,2
14536,18,170.95,259,0
14537,10,355.56,57,0
14538,19,388.25,64,0
14539,32,537.48,15,3
14540,71,952.66,9,3
14541,105,1453.35,58,2
14542,5,103.25,185,0
14543,71,3599.73,28,2
14544,111,2004.3,23,2
14546,397,2573.93,4,1
14547,355,3974.75,3,1
14548,4,652.8,150,0
14549,56,289.24,310,0
14550,47,757.37,10,3
14551,10,186.23,17,3
14552,57,164.22,151,0
14553,113,859.27,18,2
14554,203,2279.4900000000002,9,1
14555,19,312.54,56,0
14557,16,788.38,84,0
14560,74,2237.77,6,1
14561,69,1080.76,75,2
14562,419,5006.77,3,1
14565,127,3099.12,95,2
14566,4,1432.0,110,0
14567,33,1530.3600000000001,56,2
14569,12,227.39,0,3
14570,29,218.06,280,0
14572,262,2804.54,2,1
14573,227,1639.82,179,2
14576,1,35.400000000000006,371,0
14577,123,859.71,12,3
14578,24,168.63,2,3
14581,17,138.6,16,3
14582,6,114.11,40,0
14583,302,986.96,5,1
14584,98,1033.06,168,2
14585,29,157.05,49,0
14586,19,237.36,276,0
14587,371,1580.29,18,1
14589,3,39.75,371,0
14591,176,1320.21,14,1
14592,158,557.94,34,2
14593,151,617.15,21,2
14594,52,363.33,6,3
14595,102,1740.6,19,2
14597,47,866.24,10,3
14598,50,221.97,43,3
14600,25,393.33000000000004,305,0
14601,7,213.96,10,3
14603,2,660.0,274,0
14606,2677,12076.15,0,1
14607,81,16209.5,15,1
14608,20,1785.15,3,3
14609,4,601.56,71,0
14616,3,406.08000000000004,242,0
14618,16,553.44,8,3
14619,20,394.44,245,0
14620,26,412.78000000000003,205,0
14621,92,1788.3600000000001,0,1
14622,21,320.58000000000004,184,0
14623,133,886.7,31,2
14624,13,225.85,56,0
14625,53,899.63,195,2
14626,122,2791.27,23,1
14628,24,671.96,90,2
14629,150,955.26,3,1
14631,41,1006.98,50,2
14632,8,114.56,262,0
14633,20,344.90000000000003,265,0
14636,28,609.85,35,3
14638,16,443.6,50,0
14639,172,2984.49,51,2
14640,105,2107.38,23,2
14641,7,110.46,21,0
14642,2,96.12,58,0
14643,31,693.8100000000001,169,2
14644,26,830.76,67,2
14645,30,597.09,156,2
14646,2076,280206.02,1,1
14647,28,236.04000000000002,200,0
14649,186,1402.59,4,1
14651,101,653.75,66,2
14652,29,114.18,76,0
14653,234,1926.65,0,1
14655,49,1932.23,7,1
14656,80,291.05,168,2
14657,126,848.22,17,2
14658,29,247.15,4,3
14659,253,2529.93,8,1
14660,30,285.74,86,0
14661,4,107.95,26,0
14662,157,741.37,28,2
14664,98,636.24,19,3
14665,90,1835.7,60,2
14666,14,195.25,23,3
14667,567,9175.04,10,1
14669,166,1259.24,241,2
14670,123,392.86,279,2
14672,61,765.55,234,2
14673,74,1736.4,2,1
14675,97,596.36,15,3
14676,42,2548.2400000000002,30,2
14680,258,28754.11,24,1
14681,7,498.95,70,0
14682,2,52.0,187,0
14684,390,1201.51,25,1
14687,15,628.38,106,0
14688,324,5579.1,7,1
14689,13,112.8,208,0
14690,48,355.05,43,3
14691,71,2114.33,30,2
14692,68,591.55,136,2
14693,8,172.9,264,0
14696,130,2078.95,3,1
14697,22,188.60999999999999,217,0
14698,200,1217.27,1,1
14699,8,109.13000000000001,213,0
14700,112,2195.1,31,2
14701,327,2526.09,10,1
14702,342,3251.79,0,1
14703,22,318.17,14,3
14704,393,1493.96,10,1
14705,1,179.0,198,0
14708,28,1126.37,2,3
14709,196,4921.04,14,1
14710,136,599.48,13,3
14711,345,2839.62,9,1
14712,25,917.07,28,3
14713,338,2662.2,8,1
14714,10,160.19,23,3
14715,71,867.38,24,2
14716,51,307.51,42,3
14719,235,1581.84,1,1
14720,37,663.81,5,3
14722,28,180.42000000000002,146,0
14723,259,1122.3600000000001,9,1
14725,47,655.58,24,3
14727,10,268.58,273,0
14729,71,313.49,373,0
14730,462,1897.57,0,1
14731,45,380.02,46,3
14732,147,2702.4900000000002,7,1
14733,202,9585.91,15,1
14735,194,6065.69,3,1
14737,17,1164.55,3,3
14738,54,1314.45,42,2
14739,60,3902.28,3,1
14740,89,1448.21,196,2
14741,59,1400.34,11,3
14744,26,1099.98,15,3
14745,69,1220.26,112,2
14747,18,328.2,248,0
14748,89,1415.75,28,2
14752,5,389.64,43,0
14753,30,563.15,86,2
14754,41,638.05,44,2
14755,235,5010.28,9,1
14756,38,738.96,14,3
14757,19,420.5,74,0
14758,71,1484.06,144,2
14759,102,1625.97,4,1
14760,5,89.2,296,0
14761,11,255.9,58,0
14762,21,300.52,263,0
14764,6,278.3,46,0
14765,39,254.11,28,3
14766,135,2473.37,7,1
14768,5,192.60000000000002,16,3
14769,1062,10416.98,2,1
14770,52,876.42,231,2
14772,9,139.26,111,0
14775,60,1011.9,57,2
14776,117,2538.3,50,2
14778,35,730.86,126,2
14779,41,386.15,280,0
14780,27,447.68,54,3
14782,6,200.10000000000002,319,0
14784,15,289.99,25,3
14785,3,77.4,9,3
14788,30,679.4399999999999,6,3
14789,6,197.64,28,0
14790,46,745.06,16,3
14792,2,6.2,63,0
14793,14,228.99,20,3
14794,80,1319.91,2,1
14795,6,131.45000000000002,165,0
14796,1132,7975.49,0,1
14798,12,173.74,52,0
14799,13,157.7,50,0
14800,383,4331.79,47,1
14801,57,189.34,60,3
14803,44,845.55,161,2
14804,12,353.27,8,3
14805,46,546.4,14,3
14806,11,193.39000000000001,74,0
14808,231,2718.6,39,1
14810,254,2085.33,40,2
14813,29,152.88,369,0
14815,53,778.5,36,2
14816,4,271.85,196,0
14817,63,1110.34,199,2
14818,48,657.8,73,2
14819,13,272.07,63,0
14820,29,507.29,20,3
14821,2,48.800000000000004,366,0
14823,70,321.43,179,2
14824,29,1127.71,9,3
14825,120,2221.01,3,1
14828,17,2139.76,196,2
14829,42,697.55,28,3
14830,39,188.88,52,3
14834,67,1720.3,17,2
14836,6,102.44999999999999,9,3
14837,108,1649.5,89,2
14840,4,62.85,267,0
14841,138,3295.76,52,2
14842,145,2824.69,43,2
14844,130,3189.81,63,2
14847,13,309.4,148,0
14849,388,7930.54,21,1
14850,21,325.75,311,0
14851,28,511.35,22,3
14852,143,2836.69,57,2
14853,9,475.8,23,3
14854,126,2740.03,77,2
14855,20,645.65,118,0
14856,65,1290.53,35,2
14857,60,1173.12,59,2
14859,58,1353.74,12,3
14860,11,170.32,18,3
14861,6,125.79,51,0
14862,48,841.1999999999999,25,3
14863,11,266.76,28,3
14865,4,52.2,6,3
14866,99,14389.9,10,1
14867,36,710.28,185,2
14868,144,2953.59,2,1
14869,70,721.45,8,3
14870,13,327.25,261,0
14871,93,501.28000000000003,2,3
14873,28,519.68,209,0
14875,47,1465.3200000000002,107,2
14878,122,1476.09,12,1
14880,46,690.59,76,2
14881,17,255.4,19,3
14882,11,589.7,26,3
14883,53,761.59,18,3
14885,15,765.3199999999999,131,0
14886,18,364.8,252,0
14887,6,1862.0,78,0
14888,20,369.2,206,0
14889,10,135.9,335,0
14890,7,125.65,253,0
14891,33,554.38,147,2
14893,73,1237.8500000000001,9,3
14894,23,655.75,84,2
14895,498,11138.710000000001,7,1
14896,43,468.77000000000004,204,2
14897,55,1366.38,7,3
14898,109,1269.31,22,2
14901,96,1421.29,10,1
14902,20,332.66,25,3
14903,350,2795.33,20,1
14904,69,1025.44,1,1
14905,17,616.15,157,0
14907,165,3501.1,2,1
14908,9,277.8,73,0
14910,30,434.35,2,3
14911,5670,143711.17,0,1
14912,27,867.85,16,3
14913,87,1227.43,35,2
14915,12,307.48,90,0
14916,77,1268.98,70,2
14918,45,1610.15,115,2
14920,57,977.77,212,2
14921,78,1316.07,29,2
14923,44,749.1,50,2
14924,10,310.05,245,0
14929,11,223.88,31,0
14930,127,2362.96,108,2
14931,41,1257.68,4,3
14932,17,363.53,365,0
14934,87,1890.94,81,2
14935,10,1784.71,296,0
14936,364,8137.02,33,1
14937,34,1621.88,56,2
14944,170,5900.25,29,1
14946,3,100.9,13,0
14947,14,290.82,71,0
14948,63,1101.97,22,2
14950,19,371.2,18,3
14951,20,311.69,78,0
14952,138,8099.49,59,1
14953,54,285.67,24,3
14954,77,294.85,11,3
14957,12,58.49,252,0
14958,41,483.72999999999996,146,2
14959,59,695.42,63,2
14960,27,221.27,7,3
14961,312,7044.68,10,1
14962,5,126.7,270,0
14963,192,1472.34,9,1
14964,13,206.21,246,0
14965,81,596.09,95,2
14966,36,183.02,14,3
14967,6,463.8,49,0
14968,37,147.59,29,3
14970,34,1592.06,67,2
14971,155,1097.98,34,2
14972,18,114.77,127,0
14973,32,1314.45,106,2
14974,17,89.94,36,0
14975,11,279.94,56,0
14976,72,790.86,56,2
14978,214,1921.3700000000001,71,2
14981,8,102.12,245,0
14984,39,202.37,18,3
14985,83,292.01,197,2
14987,4,326.4,15,3
14988,40,334.54,211,0
14995,60,231.98000000000002,38,3
14997,26,546.1999999999999,45,3
14998,74,414.87,169,2
15000,77,490.52,47,2
15002,115,1641.76,115,2
15004,154,1220.77,146,2
15005,1112,6295.37,15,1
15006,132,480.38,50,2
15007,12,156.91,158,0
15009,180,1259.43,11,1
15010,20,308.94,35,3
15012,122,405.04,53,2
15014,33,257.67,42,3
15016,20,170.04,172,0
15017,20,125.58,33,0
15018,31,496.21000000000004,38,3
15019,66,252.81,266,0
15021,444,1871.77,8,1
15022,121,852.39,11,3
15023,553,6720.41,2,1
15024,152,1636.43,9,1
15025,67,361.96,32,3
15026,61,469.0,79,2
15027,35,1066.1499999999999,30,2
15028,48,627.13,7,3
15030,7,518.28,71,0
15031,110,653.19,3,3
15032,52,4959.1,255,2
15033,501,2557.18,4,1
15034,390,4274.16,15,1
15035,27,252.73000000000002,89,0
15036,119,429.56,71,2
15038,125,685.74,58,2
15039,1477,19766.59,9,1
15041,66,179.93,169,0
15042,5,135.93,198,0
15043,3,537.0,30,0
15044,444,7634.7300000000005,18,1
15045,12,735.66,151,0
15046,201,5090.42,8,1
15047,22,343.62,269,0
15048,94,381.0,64,2
15049,3,121.17000000000002,273,0
15050,76,1737.69,24,2
15051,142,1383.3600000000001,22,2
15052,28,207.73000000000002,318,0
15053,69,693.95,4,3
15054,114,302.1,11,3
15057,25,1489.5,274,2
15058,266,2102.54,24,1
15059,237,1337.72,40,2
15060,115,294.25,7,3
15061,403,54534.14,3,1
15062,57,987.86,70,2
15063,5,370.79999999999995,212,0
15065,155,3158.13,37,2
15066,42,893.59,52,2
15067,82,1744.76,77,2
15068,104,553.36,45,2
15069,70,1109.53,178,2
15070,1,106.2,372,0
15071,26,982.07,93,2
15073,54,1043.41,9,3
15074,41,735.67,104,2
15075,27,773.03,77,2
15076,49,880.85,172,2
15078,440,9743.11,6,1
15079,47,895.61,212,2
15081,33,504.8,21,3
15083,5,88.2,256,0
15087,15,306.94,281,0
15088,57,1160.07,20,2
15089,145,2420.84,9,1
15090,23,381.32,307,0
15091,30,480.71,67,2
15092,26,457.81,214,0
15093,108,4597.02,17,1
15095,47,1370.6,103,2
15096,11,219.39000000000001,42,0
15097,25,248.08,3,3
15098,3,39916.5,181,2
15099,23,410.48,83,0
15100,3,876.0,333,0
15101,8,317.53,8,3
15103,35,703.36,30,3
15104,67,993.54,196,2
15105,101,2298.93,17,1
15106,100,1422.52,17,2
15107,16,319.5,310,0
15108,60,1300.25,141,2
15109,28,484.95,245,0
15110,35,996.1,23,3
15111,84,1567.48,28,2
15113,97,3509.43,9,1
15114,197,2760.56,29,1
15115,21,340.11,17,3
15116,45,1352.75,17,3
15117,79,1551.78,14,2
15118,1,244.8,133,0
15119,14,266.4,245,0
15120,21,358.82,133,0
15121,28,457.72,49,3
15122,82,1633.78,113,2
15123,106,2199.31,6,1
15124,15,184.19,22,3
15125,127,11528.48,24,1
15127,16,406.53,65,0
15128,102,1471.0,59,2
15129,84,3447.4,49,2
15130,22,330.11,169,0
15132,52,977.9300000000001,17,3
15133,29,982.42,127,2
15134,73,1387.99,14,2
15135,9,139.05,238,0
15136,68,1286.7,2,1
15139,13,178.96,239,0
15140,80,2354.25,51,2
15142,26,498.74,45,3
15143,14,259.45,225,0
15144,217,6580.44,7,1
15145,67,1194.73,3,3
15146,91,1327.16,164,2
15147,28,623.5,239,0
15148,20,301.29,10,3
15149,23,520.8000000000001,133,0
15150,341,5291.33,16,1
15152,271,4745.69,9,1
15153,22,329.25,30,3
15154,71,254.28,74,2
15156,55,961.49,0,3
15157,125,1936.07,3,1
15158,7,401.40000000000003,44,0
15159,710,18641.010000000002,1,1
15160,4,158.16,356,0
15163,29,304.47,17,3
15164,101,824.58,68,2
15165,27,487.75,372,0
15167,39,158.8,320,0
15168,5,106.56,25,0
15171,5,1289.5,330,0
15172,110,1624.05,8,1
15174,11,135.75,322,0
15175,23,224.14,71,0
15178,3,40.5,259,0
15179,93,2206.95,17,1
15180,6,87.5,366,0
15181,16,689.4799999999999,65,0
15182,29,622.85,153,2
15184,62,402.2,28,3
15185,21,310.62,69,0
15186,19,411.41,13,3
15187,91,4777.18,1,1
15189,212,16225.39,0,1
15192,51,1044.32,119,2
15193,19,499.32,60,0
15194,310,7616.53,2,1
15195,1,3861.0,2,3
15197,32,1079.6100000000001,10,3
15198,10,193.64,91,0
15199,13,1268.7,58,2
15201,69,1236.54,86,2
15203,142,1827.8,25,2
15204,9,316.58,356,0
15205,37,653.24,84,2
15206,9,420.29999999999995,9,3
15208,42,870.12,0,3
15210,20,331.18,224,0
15211,52,894.4100000000001,59,2
15212,5,101.8,240,0
15213,24,328.35,318,0
15214,110,1661.44,1,1
15215,35,734.94,46,2
15216,2,96.6,87,0
15218,166,5756.89,10,1
15219,9,305.75,175,0
15220,117,1778.96,51,2
15221,5,403.25,365,0
15222,5,585.0,318,0
15223,20,755.75,225,0
15224,14,322.08,357,0
15225,23,409.40000000000003,233,0
15226,8,154.41,310,0
15227,58,1219.4,36,2
15228,125,3386.71,65,2
15230,23,429.6,238,0
15232,31,612.06,112,2
15234,14,197.0,276,0
15235,143,2247.51,217,2
15236,15,321.05,298,0
15237,99,1412.32,1,1
15238,50,1071.99,28,2
15239,49,780.59,9,3
15240,78,1706.57,44,2
15241,110,1756.44,66,2
15243,22,316.68,73,0
15244,34,631.57,64,2
15245,89,2515.84,133,2
15246,33,514.15,237,0
15247,6,356.0,121,0
15249,350,6688.46,31,1
15251,111,10484.99,8,1
15252,44,740.78,35,2
15253,53,918.1999999999999,15,3
15254,18,300.36,126,0
15255,47,890.85,66,2
15256,6,98.45,148,0
15257,7,317.15,282,0
15258,34,623.16,168,2
15260,77,1810.77,99,2
15261,19,254.82,134,0
15262,10,178.95000000000002,323,0
15263,12,156.51,106,0
15264,23,393.74,63,0
15265,82,1506.1200000000001,150,2
15266,6,119.3,337,0
15267,11,1717.36,21,3
15269,2,408.8,23,0
15270,41,2379.49,15,2
15271,264,2493.34,6,1
15272,63,721.94,56,2
15274,47,716.57,3,3
15275,41,615.14,37,3
15276,49,128.63,65,0
15277,12,255.89999999999998,46,0
15279,19,290.51,354,0
15280,16,113.12,171,0
15281,139,2332.15,58,2
15286,3,240.55,49,0
15287,20,486.69,21,3
15288,88,2306.52,42,2
15289,58,939.78,28,2
15290,204,7943.22,4,1
15291,103,4668.3,25,1
15292,24,178.39,200,0
15296,194,3672.86,50,2
15297,39,641.94,9,3
15298,192,4799.9,1,1
15299,7,4507.01,66,2
15300,28,496.44,63,2
15301,242,5049.95,50,1
15303,31,574.02,289,0
15304,23,694.4000000000001,60,2
15306,58,1174.35,63,2
15307,12,205.3,95,0
15308,19,310.47,273,0
15311,2366,60632.75,0,1
15312,47,924.85,74,2
15313,1,52.0,109,0
15314,24,327.97,198,0
15315,37,570.5,63,2
15316,1,165.0,326,0
15318,33,312.62,3,3
15319,16,204.5,283,0
15320,36,267.13,43,3
15321,95,2748.31,70,2
15322,42,679.68,85,2
15325,48,161.74,103,0
15326,29,311.71,333,0
15327,10,208.75,52,0
15329,57,1049.7,38,2
15330,13,714.96,31,3
15332,35,1661.06,365,2
15333,16,1028.56,207,0
15334,98,350.82,156,2
15335,35,170.22,53,0
15339,86,574.07,65,2
15341,17,2020.52,80,2
15342,24,406.09,129,0
15343,21,364.5,86,0
15344,26,563.94,0,3
15345,20,393.54,45,3
15346,17,252.42000000000002,332,0
15347,5,201.60000000000002,365,0
15348,9,158.04,71,0
15349,71,463.90999999999997,157,2
15350,5,115.65,372,0
15351,219,1934.66,11,1
15353,61,770.12,254,2
15355,14,277.05,28,3
15356,499,2718.03,30,1
15358,551,8347.2,4,1
15360,13,427.93,39,3
15361,7,418.92,361,0
15363,16,326.0,372,0
15364,29,913.19,95,2
15365,114,2314.32,25,2
15366,44,602.51,74,2
15367,95,1877.59,56,2
15368,4,446.94000000000005,20,3
15370,94,2386.05,40,2
15372,27,2007.3999999999999,136,2
15373,132,2415.91,7,1
15374,3,168.0,128,0
15376,116,1221.56,39,2
15379,194,3703.29,168,2
15380,36,1690.2600000000002,8,3
15381,8,596.85,213,0
15382,302,5955.71,14,1
15384,41,642.41,169,2
15385,12,316.88,39,0
15386,31,394.14,185,0
15388,10,140.54,269,0
15389,1,500.0,171,0
15392,84,1535.53,4,1
15393,12,231.86,15,3
15394,85,2183.54,9,1
15395,7,107.45,325,0
15396,14,288.18,112,0
15397,6,94.0,289,0
15398,73,1345.53,15,2
15399,50,815.77,0,3
15400,12,716.2,91,0
15402,42,626.77,148,2
15405,8,349.1,188,0
15406,53,510.71000000000004,30,3
15407,148,1046.74,33,2
15408,34,267.18,263,0
15410,122,3450.84,83,2
15411,98,1348.93,25,2
15412,10,190.53,170,0
15414,39,774.9000000000001,9,3
15415,47,559.61,312,2
15416,192,3984.32,64,2
15417,28,508.8,84,2
15419,8,135.86,24,0
15421,53,950.36,58,2
15422,6,97.7,322,0
15423,2,43.5,37,0
15424,17,383.34,253,0
15426,275,1404.07,18,1
15427,292,1430.54,32,2
15428,6,93.78,14,3
15429,82,397.35,26,3
15432,10,171.19,22,3
15433,41,533.3,213,2
15434,55,1041.48,7,3
15435,29,149.29,21,3
15436,291,1067.75,11,1
15437,45,200.16,261,0
15438,25,156.57999999999998,130,0
15440,62,383.68,54,2
15442,2,594.0,248,0
15443,372,3213.59,1,1
15444,214,1411.21,8,1
15445,5,113.5,263,0
15447,9,155.17,330,0
15448,28,494.64,312,0
15449,60,974.52,25,2
15450,30,429.84,29,3
15452,56,528.48,29,3
15453,279,1371.77,1,1
15454,25,179.1,361,0
15456,58,434.59000000000003,282,2
15457,58,237.07,261,0
15458,7,161.64,24,0
15460,56,214.26,353,0
15462,11,234.6,93,0
15463,7,126.14,28,0
15464,155,1044.65,337,2
15465,97,7354.62,19,1
15466,57,334.53,84,2
15467,52,524.88,8,3
15468,24,467.51,50,3
15469,24,538.55,49,3
15471,73,454.48,1,3
15472,76,371.56,112,2
15473,11,1771.2,13,3
15475,29,454.10999999999996,76,0
15478,44,1399.92,39,2
15480,45,905.5,115,2
15482,97,10879.76,15,1
15483,84,225.26,160,2
15484,187,3590.41,0,1
15485,85,2564.5,29,2
15488,2,91.32000000000001,92,0
15489,50,1134.28,22,2
15491,154,3100.09,94,2
15492,35,659.4599999999999,27,3
15493,289,1953.41,32,1
15494,122,1280.58,20,2
15497,15,1262.2,17,3
15498,512,13316.4,2,1
15500,68,1131.56,7,3
15502,213,10384.93,15,1
15503,66,141.04,362,0
15504,13,52.83,80,0
15505,97,3610.96,52,2
15506,161,972.08,22,2
15507,45,475.86,171,2
15508,92,1000.27,188,2
15510,1,250.0,330,0
15511,158,900.53,11,1
15512,7,121.0,155,0
15513,308,14758.220000000001,32,1
15514,166,4023.7200000000003,11,1
15516,15,62.43,44,0
15517,27,267.03,232,0
15518,210,1921.55,63,2
15520,18,343.5,1,3
15521,185,3000.2,39,2
15522,56,397.99,32,3
15523,10,412.01000000000005,83,0
15524,1,440.0,24,0
15525,156,734.37,1,1
15526,4,148.44,32,0
15527,162,2428.53,18,1
15528,26,229.33,253,0
15529,662,3962.6,22,1
15530,107,1497.31,21,2
15531,219,1972.39,7,1
15532,251,1564.73,24,1
15533,83,807.57,18,3
15535,72,502.9,172,2
15537,24,110.92,162,0
15539,41,538.46,6,3
15540,15,213.3,10,3
15541,29,85.13000000000001,113,0
15543,28,127.86,287,0
15544,259,3546.71,8,1
15545,80,288.96999999999997,53,2
15547,695,4910.6,6,1
15549,114,1681.46,76,2
15550,61,575.63,3,3
15551,29,436.06,36,3
15552,17,90.12,216,0
15553,55,428.93,59,2
15554,14,217.2,277,0
15555,887,4794.86,11,1
15556,31,279.77,23,3
15557,19,468.91,28,3
15561,27,800.59,11,3
15562,1,134.55,351,0
15563,113,1400.44,21,2
15565,8,173.16,49,0
15567,7,186.01,18,3
15568,53,758.29,2,3
15569,31,1375.71,103,2
15570,319,4148.82,6,1
15571,57,650.4300000000001,11,3
15572,212,2533.42,4,1
15573,97,591.1899999999999,31,2
15574,152,675.64,177,2
15576,43,921.37,37,2
15577,39,258.88,150,0
15578,13,127.1,161,0
15579,48,327.6,68,2
15581,146,3675.77,120,2
15582,44,682.9100000000001,24,3
15584,122,720.86,23,2
15585,31,455.3,176,0
15587,9,913.6800000000001,49,0
15589,29,478.53000000000003,255,0
15592,24,388.58,46,3
15593,5,199.8,70,0
15594,103,1771.78,15,1
15596,77,1406.59,100,2
15597,22,324.57,34,3
15598,14,240.68,52,0
15599,52,761.74,26,3
15601,410,6776.56,10,1
15602,46,1297.8700000000001,7,3
15603,2,48.480000000000004,78,0
15604,17,216.39,51,0
15605,67,1198.23,35,2
15606,77,2920.16,60,2
15607,13,104.76,336,0
15608,60,1093.68,27,2
15609,16,298.48,183,0
15610,6,112.46000000000001,51,0
15611,43,1591.45,9,3
15612,6,195.15,35,0
15615,423,10399.74,9,1
15618,45,776.851,32,2
15619,3,336.40000000000003,10,3
15620,100,1553.18,56,2
15621,16,1293.03,3,3
15622,185,3709.56,42,1
15623,19,301.03,140,0
15624,34,588.13,116,2
15625,64,1534.26,103,2
15626,49,675.8,74,2
15628,155,2870.2400000000002,4,1
15630,60,1186.35,44,2
15632,167,3285.31,15,1
15634,15,243.55,16,3
15636,25,724.76,89,2
15637,15,223.36,52,0
15639,25,425.32,133,0
15640,476,12416.11,3,1
15641,119,1887.2,104,2
15643,33,664.0,191,2
15644,232,803.54,165,2
15645,52,612.01,18,3
15646,35,447.64000000000004,157,0
15648,24,639.5,203,0
15649,2,816.0,335,0
15651,32,646.3,36,3
15652,21,337.74,90,0
15653,6,877.4399999999999,92,0
15654,21,922.53,8,3
15655,34,560.67,242,0
15656,47,748.5,44,2
15657,1,30.0,22,0
15658,48,1024.1000000000001,189,2
15659,11,306.45,43,0
15660,90,1600.86,24,2
15661,5,309.8,316,0
15663,9,138.14,105,0
15664,17,386.43,50,0
15665,115,2222.21,167,2
15667,13,301.32,39,0
15668,1,76.32000000000001,217,0
15669,33,684.34,39,3
15670,12,173.05,296,0
15671,78,2657.13,18,1
15673,138,2726.23,87,2
15674,114,2446.6,72,2
15675,21,323.69,80,0
15676,202,3435.76,18,1
15677,33,657.23,48,2
15678,12,352.7,52,0
15679,110,781.28,23,2
15680,78,1333.68,8,1
15681,53,1426.16,24,2
15683,10,193.75,116,0
15687,166,2993.1,8,1
15689,9,254.1,119,0
15690,19,239.76,3,3
15691,2,136.8,251,0
15692,12,191.04,27,3
15694,78,6479.4,0,1
15695,22,409.98,266,0
15696,168,2711.11,32,1
15699,18,309.65,17,3
15700,86,696.68,171,2
15701,230,1529.0,1,1
15703,5,211.5,264,0
15704,117,2293.62,139,2
15705,6,143.1,200,0
15706,55,1060.56,63,2
15707,205,916.98,34,2
15708,273,3235.25,40,1
15709,6,133.25,283,0
15712,53,1072.3600000000001,8,3
15713,19,356.7,142,0
15714,34,330.03000000000003,11,3
15716,117,1101.1100000000001,145,2
15717,7,150.3,233,0
15719,931,5030.07,32,1
15720,128,598.73,23,2
15721,84,471.40000000000003,11,3
15722,67,2211.21,35,2
15723,38,190.7,364,0
15724,11,218.25,200,0
15725,32,415.25,14,3
15727,301,5159.06,16,1
15729,5,85.0,212,0
15730,70,1120.88,65,2
15732,14,294.12,211,0
15733,10,162.3,282,0
15734,26,1339.45,114,2
15737,71,1188.1200000000001,14,3
15738,173,4812.42,18,1
15739,8,449.12,65,0
15740,9,154.88,48,0
15743,86,775.96,15,3
15744,3,34.8,77,0
15745,62,1094.59,18,2
15746,28,196.88,133,0
15747,90,946.64,12,3
15748,20,144.36,39,0
15749,10,44534.3,234,2
15750,291,2463.05,2,1
15752,405,2626.6,39,1
15753,1,79.2,304,0
15754,28,458.57,50,3
15755,141,2364.25,9,1
15756,191,528.01,60,2
15757,45,714.42,65,2
15758,9,205.25,24,3
15759,7,253.04,217,0
15762,37,583.75,64,2
15763,61,1086.92,31,2
15764,180,3279.97,87,2
15766,11,315.06,63,0
15768,27,621.8299999999999,115,2
15769,130,56252.72,6,1
15773,10,635.6800000000001,5,3
15774,25,270.8,68,0
15775,7,104.9,244,0
15776,18,241.62,132,0
15777,21,1047.11,240,2
15780,29,475.28000000000003,183,0
15781,20,345.46,24,3
15782,43,2614.7400000000002,9,1
15783,14,246.3,10,3
15785,83,2328.9700000000003,32,2
15786,266,4919.0,45,1
15787,200,933.26,25,2
15789,25,351.3,357,0
15790,34,218.75,9,3
15791,75,1612.69,43,2
15793,12,965.61,14,3
15795,42,610.01,149,2
15796,132,2708.61,0,1
15797,8,2207.4,112,2
15799,98,884.14,75,2
15800,117,696.89,106,2
15801,64,1063.95,45,2
15802,1,451.42,142,0
15803,8,415.82000000000005,50,0
15804,262,4206.39,0,1
15805,299,5488.18,22,1
15806,31,784.58,45,2
15807,48,903.9,49,2
15808,195,3651.27,305,2
15809,35,515.77,35,3
15810,89,1391.98,78,2
15811,133,2218.62,21,1
15812,41,1801.14,106,2
15813,40,1303.9099999999999,207,2
15814,72,1945.33,16,2
15815,49,2100.6,63,2
15819,123,1905.45,48,2
15820,17,206.98,319,0
15821,62,570.96,43,2
15822,33,885.47,2,3
15823,1,15.0,371,0
15825,20,532.94,171,0
15826,68,1654.31,55,2
15827,115,1836.0900000000001,72,2
15829,51,636.14,98,2
15830,39,576.0,37,3
15831,66,794.64,57,2
15832,54,836.79,253,2
15834,269,2225.15,69,2
15835,50,954.09,43,2
15836,10,137.37,49,0
15837,24,391.98,64,0
15838,167,33643.08,10,1
15839,62,1048.49,32,2
15840,27,355.56,58,0
15841,47,1224.06,72,2
15843,8,118.95000000000002,303,0
15844,11,130.73999999999998,45,0
15845,138,3711.77,17,1
15847,22,389.27,37,3
15850,93,234.88,18,3
15852,22,160.71,186,0
15853,30,110.8,51,0
15854,138,2969.12,3,1
15855,80,712.24,136,2
15856,628,16143.64,3,1
15857,14,297.0,18,3
15858,188,1427.57,15,1
15860,139,965.16,40,2
15861,540,3146.92,11,1
15862,147,832.88,7,1
15863,18,68.84,25,0
15864,20,1936.3200000000002,21,3
15865,40,895.13,40,2
15866,43,211.89,100,0
15867,459,3810.14,4,1
15869,15,149.64,276,0
15870,74,351.44,32,3
15872,108,316.25,14,3
15874,120,4405.88,63,2
15877,126,490.33,1,3
15880,96,329.03000000000003,368,2
15881,29,501.39000000000004,311,0
15882,23,516.36,198,0
15883,49,396.48,1,3
15885,18,379.35,92,0
15886,12,181.09,59,0
15888,12,168.31,80,0
15889,85,420.07,156,2
15891,60,511.68,226,2
15894,37,258.25,252,0
15895,11,179.17,149,0
15897,22,208.59,193,0
15898,84,1383.83,0,1
15899,4,56.25,368,0
15900,47,337.28,23,3
15901,111,351.73,16,3
15903,74,5126.76,9,1
15904,30,164.68,7,3
15906,150,1567.69,19,1
15907,226,882.72,3,1
15909,7,191.94,173,0
15910,266,1228.88,0,1
15912,19,264.62,177,0
15916,151,1502.8600000000001,15,1
15917,12,123.1,247,0
15918,40,334.23,190,0
15919,122,525.69,19,3
15920,60,167.5,153,0
15921,24,323.03000000000003,172,0
15922,11,369.5,372,0
15923,21,127.08,372,0
15925,12,207.15,193,0
15930,21,426.63,66,0
15932,115,2495.87,3,1
15933,74,1107.46,20,2
15935,12,416.86,238,0
15937,7,145.35,63,0
15938,18,404.58,111,0
15939,76,6115.01,89,2
15940,1,35.8,310,0
15942,14,337.44,133,0
15944,6,325.1,276,0
15945,2,181.0,364,0
15947,29,1708.24,82,2
15948,60,955.24,7,3
15949,19,364.72,16,3
15950,97,1744.71,31,2
15951,41,708.22,8,3
15952,84,781.91,33,2
15953,97,1657.28,14,1
15955,183,4416.26,23,1
15957,42,428.89,31,3
15958,7,104.35,73,0
15963,28,470.76,19,3
15965,111,808.87,16,2
15967,80,397.68,22,3
15969,20,666.1,2,3
15970,11,314.1,303,0
15971,35,4199.85,17,2
15973,4,307.82000000000005,366,0
15974,176,3442.15,38,1
15975,24,371.01,83,0
15976,96,427.64,164,2
15977,65,1054.73,16,3
15978,49,1098.78,76,2
15980,43,2398.86,88,2
15981,97,3408.48,24,1
15983,112,1465.12,21,2
15984,258,2780.63,2,1
15985,37,1142.42,122,2
15986,14,168.12,29,3
15987,128,1432.77,11,1
15988,26,156.78,18,3
15990,52,792.11,43,2
15992,3,41.989999999999995,3,3
15993,543,2777.67,8,1
15994,32,414.27,54,3
15996,127,1032.58,87,2
15998,504,3080.22,36,1
16000,9,12393.7,2,1
16003,103,2735.37,29,2
16005,201,578.71,11,1
16006,8,101.4,210,0
16007,381,1693.81,47,2
16008,33,478.78,23,3
16009,82,972.11,21,2
16010,79,392.4,245,2
16011,210,3352.96,7,1
16012,94,1415.29,34,2
16013,139,37130.6,3,1
16014,138,646.83,37,2
16015,181,704.55,3,1
16016,224,1465.51,2,1
16017,32,211.88,46,3
16018,28,408.90000000000003,38,3
16019,160,3786.2400000000002,46,2
16020,46,851.01,16,3
16022,71,602.63,259,2
16023,101,719.81,45,2
16024,63,251.03,11,3
16025,28,439.65999999999997,29,3
16026,32,236.09,42,3
16027,16,934.62,91,2
16029,241,80850.84,38,1
16030,29,331.24,309,0
16031,98,547.9,91,2
16033,1128,8778.82,5,1
16034,22,437.7,195,0
16036,55,758.92,86,2
16037,39,855.02,269,2
16038,26,471.78000000000003,7,3
16040,65,1313.55,64,2
16041,6,3166.4,30,3
16042,70,1177.47,21,2
16043,39,773.99,37,2
16045,83,1340.7,119,2
16048,8,256.44,372,0
16049,299,1074.81,39,2
16050,10,137.9,173,0
16052,34,362.06,53,3
16053,84,1511.95,32,2
16054,70,783.9,144,2
16055,8,134.8,220,0
16056,66,650.75,44,2
16057,121,2263.12,15,1
16059,178,1453.16,65,2
16062,64,1153.62,9,3
16063,23,335.32,259,0
16065,73,367.14,364,2
16066,101,1521.04,16,2
16070,33,852.15,21,3
16071,21,326.24,44,3
16072,23,584.3199999999999,287,0
16073,1,122.39999999999999,296,0
16076,129,2234.73,2,1
16078,1,79.2,283,0
16079,21,1352.0,16,3
16080,10,217.16,81,0
16081,223,2799.42,55,2
16083,31,1317.62,100,2
16084,38,436.18,298,0
16085,167,981.51,22,2
16086,39,1121.39,58,2
16091,18,315.06,154,0
16092,51,817.86,114,2
16093,1,17.0,106,0
16094,63,1078.23,11,3
16096,12,320.62,263,0
16097,10,185.04999999999998,239,0
16098,67,2005.63,87,2
16099,39,731.9,49,2
16101,76,1290.7,70,2
16102,57,1842.14,41,2
16103,48,1429.64,6,3
16104,28,298.21,61,0
16105,13,336.96,248,0
16106,6,108.38,65,0
16107,31,3204.1600000000003,17,2
16108,48,842.5,84,2
16109,18,611.88,218,0
16110,342,1320.95,44,2
16112,16,195.73999999999998,142,0
16113,30,161.38,182,0
16114,8,135.75000000000003,170,0
16115,279,1660.8799999999999,9,1
16116,34,612.78,211,2
16117,30,232.21,189,0
16119,16,423.36,7,3
16120,30,1309.14,58,2
16121,204,854.66,56,2
16122,38,684.4200000000001,72,2
16123,16,307.78,51,0
16124,11,249.0,316,0
16125,13,289.35,366,0
16126,117,6287.77,28,1
16127,40,656.25,38,2
16128,89,1880.22,17,2
16131,78,3506.54,51,2
16133,338,14589.04,3,1
16134,35,618.09,21,3
16135,21,517.55,262,0
16136,37,709.38,59,2
16139,31,635.41,18,3
16140,35,725.18,65,2
16141,30,620.4,87,2
16142,37,535.34,249,0
16143,117,2424.94,2,1
16144,1,175.2,246,0
16145,224,3799.4900000000002,8,1
16146,29,734.13,156,2
16147,22,375.0,133,0
16148,1,76.32000000000001,295,0
16149,18,280.52,4,3
16150,117,2053.02,42,2
16152,29,1829.04,268,2
16153,89,1824.23,49,2
16156,128,3092.04,8,1
16157,18,656.69,15,3
16159,14,348.2,281,0
16160,20,1025.44,64,2
16161,471,5533.67,1,1
16162,2,37.4,251,0
16163,6,856.6,231,0
16164,34,822.48,16,3
16168,98,3787.6,10,1
16169,85,1822.97,7,1
16170,125,1885.05,50,2
16171,3,73.2,58,0
16172,69,1140.21,94,2
16173,84,1418.32,15,2
16174,23,1009.5500000000001,125,2
16175,58,1037.59,93,2
16177,15,331.95,49,0
16178,8,197.9,137,0
16179,11,215.83,60,0
16180,162,10254.18,99,2
16181,11,305.54,72,0
16182,28,6617.65,71,2
16183,15,338.71000000000004,66,0
16184,45,1158.79,63,2
16185,31,529.41,16,3
16186,218,4006.94,22,1
16187,295,6911.4400000000005,31,1
16188,67,981.86,44,2
16189,11,215.48,15,3
16190,6,215.08,39,0
16191,134,5180.52,2,1
16193,19,314.45,236,0
16198,15,400.68100000000004,74,0
16200,172,1068.8700000000001,3,1
16201,111,1863.47,2,1
16202,18,365.27,360,0
16203,35,592.9,58,2
16204,50,384.18,22,3
16205,97,757.63,30,2
16206,63,537.0600000000001,54,2
16207,19,394.38,24,3
16208,66,664.26,44,2
16209,46,2262.62,88,2
16210,123,21086.3,1,1
16211,23,547.02,88,0
16212,41,690.34,18,3
16213,6,159.0,78,0
16214,44,1062.75,170,2
16215,14,242.35,80,0
16216,37,914.9300000000001,266,2
16217,15,304.25,234,0
16218,84,3084.68,29,2
16221,95,860.86,36,2
16222,122,773.5500000000001,317,2
16224,96,1295.3,56,2
16225,134,1096.32,44,2
16226,8,255.12,202,0
16227,6,314.22,224,0
16229,47,1010.6,86,2
16230,35,542.03,189,2
16232,37,990.88,43,2
16233,22,536.6800000000001,70,0
16235,46,867.31,40,2
16236,20,432.2,77,0
16239,19,414.2,56,0
16240,135,3718.8,23,1
16241,655,2590.31,9,1
16242,292,3579.86,7,1
16243,51,409.1,33,3
16244,91,1522.75,211,2
16245,90,1413.66,23,2
16247,16,114.56,169,0
16248,7,152.94,61,0
16249,69,1800.07,52,2
16250,24,389.44,260,0
16253,123,3683.86,66,2
16255,270,2619.91,16,1
16256,13,752.4300000000001,266,0
16257,2,46.95,176,0
16258,135,5203.51,44,1
16260,18,1035.45,50,2
16261,119,728.54,16,2
16265,258,5447.0,8,1
16266,61,861.89,73,2
16268,45,667.65,70,2
16270,54,1141.24,352,2
16271,130,1404.64,2,1
16272,25,411.7,116,0
16274,65,351.75,372,2
16275,33,559.87,196,0
16276,6,810.6000000000001,176,0
16278,23,566.38,99,0
16279,106,1502.78,20,2
16281,17,2062.06,71,2
16282,11,168.3,339,0
16283,166,1570.81,5,1
16284,103,812.68,30,2
16287,8,142.5,169,0
16292,17,302.25,121,0
16293,118,2248.9900000000002,21,1
16295,79,1328.55,9,1
16297,20,301.9,268,0
16298,27,598.2,22,3
16302,11,233.22,126,0
16303,162,5360.63,25,1
16305,22,361.21999999999997,138,0
16306,41,632.27,213,2
16308,4,2560.0,37,3
16309,42,706.57,105,2
16311,37,616.26,17,3
16313,16,274.15000000000003,2,3
16315,14,226.37,330,0
16316,151,2938.91,63,2
16317,69,1341.65,119,2
16318,19,328.15,34,3
16319,3,404.40000000000003,217,0
16320,56,1038.46,171,2
16321,12,373.65000000000003,71,0
16322,37,326.75,0,3
16323,1,207.50000000000003,195,0
16324,111,408.59000000000003,127,2
16325,18,594.24,46,3
16326,300,3039.2200000000003,5,1
16327,317,3820.27,13,1
16330,39,251.91,17,3
16332,151,1582.8,27,2
16333,45,26626.8,7,1
16337,10,151.05,36,0
16338,11,214.79999999999998,156,0
16339,18,94.05,283,0
16340,141,534.31,106,2
16341,77,1971.87,24,2
16342,15,322.41,74,0
16343,43,328.58,15,3
16344,2,101.10000000000001,157,0
16345,37,565.46,43,2
16347,85,847.45,10,3
16348,222,1415.65,31,2
16349,9,53.5,290,0
16350,57,1116.47,20,2
16351,8,153.9,332,0
16352,28,494.44,17,3
16353,94,6675.71,3,1
16354,39,395.8,62,2
16356,31,211.77,197,0
16357,34,658.88,32,3
16358,109,2027.5,0,1
16359,66,1750.92,6,1
16360,636,3450.41,4,1
16361,104,891.21,9,3
16362,77,709.99,31,2
16363,5,109.36000000000001,52,0
16364,52,705.79,11,3
16365,51,1540.42,17,2
16366,18,327.3,18,3
16367,127,800.67,36,2
16368,69,479.91,1,3
16369,117,1545.41,17,1
16370,221,1301.91,81,2
16372,92,355.73,32,3
16374,109,466.73,65,2
16376,122,974.96,8,1
16377,5,676.2,266,0
16378,23,362.95,246,0
16379,108,2157.4,3,1
16380,31,1743.1499999999999,60,2
16383,98,643.76,74,2
16384,33,584.5,89,2
16385,57,554.86,59,2
16386,81,302.57,28,3
16387,4,94.36,322,0
16389,34,1382.07,52,2
16392,43,217.89,269,0
16393,327,3040.96,1,1
16394,83,1555.34,56,2
16395,206,1482.06,60,2
16398,82,1705.8,153,2
16399,72,408.02,18,3
16400,29,303.93,94,0
16401,186,4098.32,0,1
16402,57,293.45,264,0
16403,10,177.5,311,0
16404,23,443.05,69,0
16405,5,167.25,301,0
16406,58,154.35,18,3
16407,168,2079.68,12,1
16409,231,2022.98,35,2
16411,44,211.7,18,3
16412,30,135.99,53,0
16413,31,262.2,56,0
16414,7,126.25,21,0
16415,47,200.27,43,3
16416,71,1051.4,26,2
16418,95,631.12,44,2
16419,50,958.71,112,2
16422,369,34684.4,16,1
16423,18,346.12,24,3
16424,5,133.56,190,0
16425,21,302.7,301,0
16426,353,1863.76,1,1
16427,9,241.06,262,0
16429,2,284.55,105,0
16430,6,300.85,56,0
16431,76,623.28,212,2
16432,8,287.4,63,0
16433,17,184.26,27,3
16434,107,1511.8,28,2
16438,132,798.35,5,1
16440,282,3640.67,7,1
16441,24,381.2,66,0
16442,171,609.3,1,1
16444,84,654.67,45,2
16445,63,230.51,33,3
16446,3,168472.5,0,1
16447,34,255.91,135,0
16448,19,182.99,197,0
16449,40,707.69,197,2
16450,11,311.92,149,0
16451,14,266.97,87,0
16454,2,6.9,44,0
16455,99,1841.18,63,2
16456,110,2158.18,98,2
16457,9,208.36,217,0
16458,202,3482.7400000000002,2,1
16460,132,811.23,27,2
16461,32,142.92,177,0
16462,3,136.0,73,0
16463,82,1422.4,20,2
16464,230,1298.66,19,1
16466,146,1595.96,33,2
16468,2,74.9,73,0
16469,171,625.42,23,2
16470,164,752.77,51,2
16471,13,223.95000000000002,274,0
16473,18,316.11,164,0
16474,337,1810.65,6,1
16475,28,544.3,87,2
16477,146,2494.46,63,2
16478,17,331.0,24,3
16479,35,300.83,9,3
16480,53,769.29,75,2
16482,18,220.62,15,3
16483,19,139.35,191,0
16484,25,404.3,173,0
16485,42,363.65,76,2
16488,29,498.8,32,3
16491,39,731.5,46,2
16493,56,1351.63,79,2
16494,50,826.53,296,2
16495,88,648.26,2,3
16496,95,1599.52,8,1
16497,136,2965.69,49,2
16498,15,100.97,160,0
16499,19,365.45,359,0
16500,11,400.86,4,3
16503,84,1431.93,106,2
16504,83,465.88,24,3
16505,4,777.6,31,3
16506,3,90.30000000000001,19,0
16509,13,363.7,296,0
16510,13,248.1,371,0
16511,159,918.33,21,2
16513,35,874.59,4,3
16515,111,1624.14,51,2
16516,6,101.69999999999999,29,0
16517,17,162.7,276,0
16518,40,484.32,60,2
16519,13,215.07999999999998,24,3
16520,156,1046.57,185,2
16523,290,9418.470000000001,1,1
16525,183,13027.45,1,1
16526,15,290.36,171,0
16527,14,228.06,80,0
16528,17,244.41,3,3
16529,30,455.25,189,0
16531,77,1244.59,21,2
16532,4,6748.8,17,3
16533,176,1082.81,18,2
16535,31,593.75,4,3
16536,54,548.12,109,2
16539,45,1388.81,2,3
16542,5,119.62,53,0
16545,3,339.3,164,0
16546,25,787.15,290,0
16549,925,4034.9,9,1
16550,251,2298.97,108,2
16551,32,922.12,95,2
16552,17,379.73,242,0
16553,84,5719.82,162,2
16554,52,837.1,41,2
16555,17,285.89,34,3
16556,207,3313.79,66,2
16557,11,281.85,23,3
16558,460,8338.49,0,1
16560,56,841.41,26,2
16561,31,511.12,5,3
16563,19,1077.74,53,2
16565,3,173.7,363,0
16566,18,614.66,14,3
16567,35,865.6,193,2
16569,5,124.2,2,3
16570,126,3738.4,14,1
16571,87,1421.69,26,2
16572,57,1009.6,126,2
16573,42,663.61,84,2
16574,28,451.44,70,0
16581,9,105.84,182,0
16582,6,313.62,112,0
16583,14,233.45,373,0
16584,28,936.08,79,2
16586,8,463.95,248,0
16587,13,225.15,231,0
16589,33,459.24,70,2
16591,10,213.5,68,0
16592,216,4113.68,3,1
16593,27,330.03,50,3
16594,53,181.09,74,0
16595,85,360.16,60,2
16596,12,250.15,15,3
16597,7,90.04,3,3
16598,10,145.04999999999998,285,0
16600,62,813.52,3,3
16601,30,242.7,40,3
16602,29,528.08,35,3
16603,34,482.47,74,2
16607,172,3347.71,17,1
16609,276,5493.46,14,1
16610,6,75.66,218,0
16611,10,129.49,185,0
16612,66,1187.66,32,2
16613,30,618.59,69,2
16614,26,506.19,182,0
16616,33,500.42,14,3
16617,5,151.85,235,0
16618,96,2647.59,30,2
16619,14,226.21,263,0
16620,9,178.96,3,3
16621,29,813.48,51,2
16623,5,129.45,245,0
16624,48,810.5699999999999,80,2
16625,23,333.08,274,0
16626,179,4413.1,0,1
16627,20,322.8,78,0
16628,117,2188.05,29,2
16629,60,408.63,73,2
16633,152,2883.1,16,1
16634,9,217.9,222,0
16637,69,1154.47,31,2
16638,94,1680.72,22,2
16639,50,1257.51,30,2
16641,12,231.10000000000002,105,0
16642,34,688.33,4,3
16643,27,487.51,245,0
16644,62,833.78,177,2
16647,14,214.06,169,0
16648,19,290.65999999999997,42,3
16650,24,518.42,71,0
16652,118,6773.97,58,2
16653,69,1212.66,15,3
16654,29,601.27,140,2
16655,258,3789.52,17,1
16656,73,8625.8,21,1
16657,192,874.43,9,1
16658,8,123.24,367,0
16659,2,39.12,188,0
16660,16,1267.6499999999999,15,3
16665,9,135.39999999999998,361,0
16666,32,118.98,18,3
16667,52,567.1800000000001,67,2
16668,20,306.71999999999997,14,3
16669,156,1348.88,23,2
16670,252,4095.9,16,1
16671,6,1692.27,27,3
16672,114,8134.9400000000005,1,1
16674,93,304.24,54,2
16676,89,1592.1200000000001,33,2
16678,163,3109.99,2,1
16679,3,129.75,365,0
16680,10,183.7,42,0
16681,44,1770.34,72,2
16682,30,1028.0,4,3
16684,277,66653.56,3,1
16685,62,324.24,60,2
16686,544,2959.88,46,1
16688,62,1260.86,0,1
16689,13,422.59999999999997,75,0
16690,12,225.57999999999998,71,0
16692,3,1276.0,255,0
16693,59,477.86,68,2
16696,10,657.9000000000001,134,0
16697,21,112.75,240,0
16698,5,1998.0,226,0
16700,308,5076.55,8,1
16701,144,5398.3,8,1
16705,270,14034.99,0,1
16706,123,531.35,36,2
16708,27,656.63,45,3
16709,79,3029.87,84,2
16710,394,2467.99,18,1
16711,22,1651.03,2,3
16712,438,3611.31,8,1
16713,619,6910.78,18,1
16714,87,1129.06,218,2
16715,19,301.71999999999997,77,0
16716,2,901.2,266,0
16717,198,3843.08,23,1
16718,44,606.0500000000001,368,2
16719,196,1770.22,14,1
16720,25,152.95,25,3
16721,37,292.47,261,0
16722,225,4730.81,16,1
16723,42,576.4,90,2
16725,145,758.27,301,2
16726,178,1358.74,25,2
16727,44,256.32,363,0
16728,263,1048.28,45,2
16729,656,7205.33,37,1
16730,82,743.11,51,2
16732,28,603.75,31,3
16734,52,646.76,51,2
16735,116,2247.41,78,2
16737,1,417.59999999999997,52,0
16738,1,3.75,297,0
16739,13,323.0,176,0
16742,1,464.9,46,0
16743,190,2213.13,28,1
16744,236,1291.91,10,1
16745,355,7180.7,86,1
16746,444,6680.11,4,1
16747,42,836.06,37,2
16748,69,1515.9,17,2
16750,95,623.93,44,2
16751,25,1764.72,30,2
16752,9,207.5,372,0
16753,34,223.92000000000002,57,0
16754,2,2002.4,371,0
16755,165,1475.43,113,2
16756,13,239.4,214,0
16757,7,106.83000000000001,318,0
16758,22,369.34000000000003,64,0
16759,42,789.79,7,3
16761,13,316.62,96,0
16762,63,1207.24,19,2
16763,23,611.85,198,0
16764,700,2790.9500000000003,3,1
16765,1,34.0,293,0
16766,34,1145.6,272,2
16767,221,5575.56,30,1
16768,54,478.09000000000003,47,2
16769,38,361.54,259,0
16770,140,757.1,57,2
16771,254,2242.61,32,1
16773,26,171.59,56,0
16774,48,661.52,67,2
16775,157,1691.51,9,1
16776,71,371.54,59,2
16777,48,222.62,79,0
16778,16,245.94,73,0
16779,331,10611.720000000001,1,1
16780,59,422.24,99,2
16781,17,311.25,371,0
16782,183,2267.9500000000003,9,1
16784,3,107.6,19,0
16788,148,594.39,122,2
16789,5,80.8,7,3
16790,93,1545.6200000000001,3,1
16791,314,1705.78,28,1
16792,12,110.38000000000001,281,0
16793,16,243.84,56,0
16794,278,1196.5,0,1
16795,66,414.88,364,2
16796,18,305.62,88,0
16800,156,1162.65,10,1
16801,75,1594.23,162,2
16803,24,332.3,64,0
16804,60,536.99,22,3
16805,98,460.59,173,2
16806,93,762.16,102,2
16807,67,1121.59,142,2
16808,23,288.42,98,0
16809,149,914.69,22,2
16810,15,309.54,191,0
16811,28,547.07,4,3
16812,15,479.35,360,0
16813,426,1652.18,7,1
16814,319,6416.7,13,1
16816,28,417.06,102,0
16817,86,1604.75,2,1
16818,188,3349.57,10,1
16820,26,497.61,95,0
16823,38,358.38,226,0
16824,26,460.64,15,3
16825,28,775.1800000000001,38,3
16826,22,341.7,50,0
16828,8,128.5,92,0
16829,11,197.22,156,0
16830,23,325.91,38,3
16832,12,199.15,183,0
16833,47,1106.53,0,3
16834,24,413.46,227,0
16835,10,180.85,127,0
16836,11,251.87,39,0
16837,165,3170.98,30,1
16838,25,588.85,196,0
16839,266,16594.35,8,1
16841,116,1869.82,36,2
16842,63,1264.19,100,2
16843,378,10196.57,42,1
16846,11,214.32,49,0
16847,12,193.44,42,0
16848,14,281.42,52,0
16849,8,124.57,186,0
16850,19,332.41,333,0
16851,20,342.45,3,3
16852,9,144.91000000000003,9,3
16855,19,328.4,23,3
16856,2,35.400000000000006,14,0
16858,10,375.69000000000005,368,0
16859,52,747.81,144,2
16861,6,173.76,59,0
16863,26,502.8,30,3
16866,11,207.73999999999998,140,0
16869,127,817.12,22,2
16871,137,2812.34,21,1
16872,7,680.02,76,0
16873,279,7123.62,4,1
16875,112,2095.53,66,2
16877,156,846.62,11,1
16878,3,13.3,83,0
16880,174,1491.43,30,2
16881,1,432.0,66,0
16882,39,705.12,66,2
16883,37,272.48,186,0
16884,26,429.84000000000003,37,3
16885,96,450.41,14,3
16887,36,192.32999999999998,34,3
16889,135,1578.67,194,2
16891,186,742.43,1,1
16892,97,518.19,0,3
16893,45,145.93,366,0
16895,62,202.27,64,3
16897,37,289.78,298,0
16898,157,501.03,25,2
16899,123,1271.06,7,1
16900,79,887.11,16,3
16902,44,1706.88,115,2
16903,56,363.2,28,3
16904,665,3653.75,3,1
16905,199,3037.6,4,1
16906,86,559.59,81,2
16907,140,928.76,28,2
16909,18,379.14,71,0
16910,545,1508.96,3,1
16912,100,2555.58,28,2
16913,8,113.44,289,0
16914,30,183.76,35,3
16915,57,621.6800000000001,8,3
16916,136,562.41,23,2
16917,9,391.52,276,0
16918,128,1068.82,49,2
16919,326,2592.25,155,2
16921,55,154.18,60,0
16923,626,7069.08,11,1
16924,81,829.89,20,2
16926,14,230.25,370,0
16927,6,543.05,115,0
16928,204,2814.7,79,2
16929,77,1295.39,3,1
16930,53,378.89,25,3
16931,886,4554.87,4,1
16932,48,150.23000000000002,52,3
16933,44,563.23,0,3
16934,61,931.03,54,2
16936,56,261.9,25,3
16938,235,2711.6800000000003,8,1
16940,305,3049.88,51,1
16942,277,1904.99,12,1
16943,33,816.73,211,2
16945,249,4345.5,21,1
16947,21,406.48,235,0
16948,19,435.02,138,0
16949,60,1286.27,3,3
16950,42,1178.56,56,2
16951,86,1277.75,134,2
16952,16,167.61,108,0
16953,1,20.8,29,0
16954,54,2085.08,0,1
16955,25,518.67,184,0
16956,16,308.74,17,3
16957,16,416.64,238,0
16959,7,117.35000000000001,86,0
16960,101,507.05,38,2
16961,14,234.17,115,0
16963,7,110.55000000000001,186,0
16965,26,201.19,226,0
16966,28,2154.97,7,3
16967,21,319.02,188,0
16968,31,439.43,3,3
16969,42,650.41,38,2
16971,41,357.21,37,3
16976,2,251.51999999999998,266,0
16978,39,344.33,77,2
16979,89,1852.0,3,1
16980,81,1028.46,254,2
16982,22,384.06,60,0
16983,143,1905.87,12,1
16984,400,4459.52,87,2
16985,120,5464.12,16,1
16986,3,1873.2,29,3
16987,128,1616.8,2,1
16988,7,126.12,4,3
16989,12,1133.25,6,3
16990,1,179.0,218,0
16992,93,1614.31,10,1
16996,37,1456.96,29,2
16997,12,702.0,287,0
16998,4,295.0,149,0
16999,23,484.82,22,3
17001,169,3989.57,0,1
17002,49,1493.73,85,2
17004,43,1312.1399999999999,45,2
17006,44,781.78,4,3
17007,52,889.9300000000001,50,2
17010,11,195.36,17,3
17011,15,270.9,29,3
17014,72,583.4300000000001,7,3
17015,214,1838.6100000000001,28,1
17017,252,8694.26,2,1
17018,16,920.1,40,3
17019,228,1258.08,10,1
17022,7,71.0,30,0
17024,3,95.85,44,0
17025,9,357.77,60,0
17026,4,154.82999999999998,184,0
17027,148,877.5600000000001,78,2
17029,2,716.0,110,0
17030,11,146.87,63,0
17031,22,380.35,11,3
17033,28,1030.14,85,2
17034,30,745.52,15,3
17035,28,433.53000000000003,245,0
17037,75,1267.32,87,2
17038,22,112.4,29,3
17040,15,449.73,137,0
17041,69,1071.49,26,2
17042,97,1036.58,2,1
17043,102,1735.18,31,2
17044,6,948.48,24,3
17045,22,339.44,112,0
17046,22,642.02,156,0
17047,65,1100.9,84,2
17048,43,925.35,117,2
17049,317,5655.03,2,1
17050,308,3185.64,95,2
17051,42,240.89000000000001,193,0
17052,83,399.09,27,3
17053,13,498.48,130,0
17054,83,1356.33,27,2
17058,62,1179.89,81,2
17059,514,3080.39,29,1
17060,5,234.24,265,0
17061,99,5232.2300000000005,73,2
17062,69,533.33,313,2
17063,78,1461.14,20,2
17064,61,855.45,58,2
17068,296,4552.14,11,1
17069,143,2709.7000000000003,27,1
17070,62,304.24,113,2
17071,140,2429.03,27,1
17073,174,1446.09,17,1
17075,77,834.12,17,3
17076,25,841.0799999999999,35,3
17078,28,378.2,35,3
17079,2,118.80000000000001,77,0
17080,8,287.62,21,3
17081,63,288.91,24,3
17082,81,2003.85,32,2
17083,52,1405.78,108,2
17084,149,2747.9900000000002,34,2
17085,186,1562.4,122,2
17086,96,2050.08,6,1
17088,115,1991.01,27,2
17090,61,1974.65,3,1
17091,195,3827.76,2,1
17092,124,1774.03,49,2
17094,14,302.0,321,0
17095,74,1324.16,22,2
17096,48,1022.13,14,3
17097,211,954.42,1,1
17100,65,971.74,17,3
17101,42,1621.73,9,3
17102,1,25.5,261,0
17105,90,665.78,158,2
17107,416,10797.48,32,1
17109,116,881.29,28,2
17110,12,163.29999999999998,164,0
17111,29,231.61,46,3
17114,123,801.12,5,1
17115,39,837.5,7,3
17117,9,116.19999999999999,287,0
17118,10,157.02,317,0
17119,35,606.91,2,3
17120,18,307.46,232,0
17122,7,138.32,118,0
17123,9,345.29999999999995,161,0
17124,31,294.24,184,0
17125,35,230.5,49,3
17126,248,989.45,151,2
17128,14,157.09,334,0
17131,134,2463.17,4,1
17133,27,4892.240000000001,15,1
17134,23,413.2,106,0
17135,52,1139.73,15,3
17138,24,380.5,275,0
17139,477,10650.77,15,1
17140,18,454.12,246,0
17142,15,579.0,238,0
17144,48,984.57,0,3
17146,35,749.78,105,2
17147,81,1714.59,22,2
17148,9,124.88,51,0
17152,14,1689.5,194,2
17153,14,213.78,23,3
17154,23,329.34,74,0
17155,20,251.70000000000002,17,3
17157,13,319.0,7,3
17158,67,1266.97,31,2
17159,101,1538.88,21,2
17160,229,3518.03,30,1
17162,104,1715.46,28,2
17163,5,293.1,21,3
17164,144,2467.35,32,2
17165,10,158.68,283,0
17166,12,206.34,38,0
17169,54,835.78,57,2
17171,16,224.91,288,0
17172,15,317.76,78,0
17173,86,3766.6,4,1
17174,4,59.9,217,0
17175,63,1443.69,43,2
17176,15,306.13,201,0
17179,80,711.79,177,2
17180,125,783.97,55,2
17181,23,239.92000000000002,56,0
17183,73,3347.31,7,1
17186,2,144.0,46,0
17187,10,203.95,226,0
17188,84,2474.23,10,1
17189,60,383.75,105,2
17190,19,444.74,58,0
17191,236,2093.68,27,1
17193,32,1699.3000000000002,35,2
17194,29,262.62,273,0
17197,29,1013.01,29,3
17198,96,692.22,23,2
17201,38,289.78,53,3
17203,148,3560.08,35,1
17204,57,1564.56,174,2
17205,13,384.08,53,0
17206,7,204.24,52,0
17211,211,2317.2200000000003,26,1
17212,4,226.85,252,0
17213,157,2781.23,39,2
17214,101,1059.1200000000001,59,2
17217,9,113.5,233,0
17218,271,1951.97,3,1
17219,25,114.23,31,3
17220,467,3187.55,23,1
17221,62,334.48,6,3
17222,27,328.65,64,0
17223,48,416.89,309,0
17226,21,393.49,308,0
17227,47,939.32,18,3
17228,208,1906.09,15,1
17229,47,318.76,95,2
17230,69,3638.41,263,2
17231,531,3124.72,11,1
17232,35,417.77,2,3
17233,25,190.88,34,3
17234,14,149.89000000000001,182,0
17235,29,550.06,24,3
17236,105,916.13,12,3
17237,19,314.69,10,3
17238,555,3719.1,2,1
17239,15,382.5,312,0
17242,40,1135.04,107,2
17243,387,8540.05,0,1
17244,31,954.9,52,2
17245,9,171.45,204,0
17247,54,280.09000000000003,14,3
17248,69,318.65,119,2
17250,56,381.97,3,3
17251,37,269.83,362,0
17252,86,348.91,116,2
17253,18,178.26,17,3
17254,111,271.19,4,3
17255,74,291.48,40,3
17256,16,240.0,106,0
17259,116,581.23,147,2
17262,12,1253.3600000000001,51,2
17263,23,63.440000000000005,207,0
17265,122,550.01,138,2
17266,73,296.58,1,3
17267,37,317.2,126,0
17268,6,763.64,107,0
17272,114,2148.63,41,2
17274,25,107.82,34,0
17277,69,1065.3500000000001,227,2
17278,15,246.04,240,0
17279,9,187.82999999999998,57,0
17282,89,1685.46,129,2
17284,291,1647.48,59,2
17286,44,151.37,21,3
17287,122,1049.06,25,2
17288,140,1417.63,8,1
17289,104,931.02,31,2
17290,96,513.01,3,3
17291,1,550.8000000000001,307,0
17293,132,1854.06,7,1
17295,68,547.0,28,3
17297,49,128.18,16,3
17298,30,498.42,100,2
17299,55,656.61,11,3
17301,59,163.24,20,3
17302,79,1135.63,14,3
17303,53,250.04,360,0
17306,66,8631.31,10,1
17309,12,82.75,94,0
17311,55,1384.85,77,2
17312,14,644.3,138,0
17313,24,2328.84,30,2
17314,131,2527.92,24,1
17315,471,6281.23,1,1
17317,9,2600.34,45,2
17320,73,1200.6200000000001,99,2
17321,99,657.16,7,3
17323,195,906.52,14,1
17324,49,986.48,17,3
17325,6,96.8,279,0
17329,33,523.11,13,3
17330,6,363.9,22,3
17331,1,175.2,123,0
17333,28,494.25,85,2
17334,11,307.02,301,0
17337,521,1981.06,150,2
17338,721,6493.54,16,1
17339,9,243.36,93,0
17340,407,12353.29,29,1
17341,157,682.29,156,2
17343,17,193.64,354,0
17344,31,157.62,45,0
17345,83,519.6899999999999,14,3
17346,483,2622.88,3,1
17347,1,228.96,85,0
17348,213,1156.6,14,1
17349,8,98.25,178,0
17350,70,1281.32,7,3
17351,27,587.15,35,3
17353,8,1740.0,128,0
17354,16,1393.06,50,2
17356,19,178.22,311,0
17357,44,384.39,23,3
17358,58,360.81,302,0
17359,15,127.86,10,3
17360,125,568.24,16,3
17361,29,488.2,48,3
17362,35,312.23,238,0
17364,406,4462.68,0,1
17365,465,4767.36,12,1
17367,33,167.55,237,0
17368,107,1878.87,22,2
17370,33,446.18,72,2
17371,86,418.4,16,3
17372,251,1337.18,40,2
17373,57,646.92,39,2
17374,28,495.77,218,0
17375,69,400.1,198,2
17376,24,203.2,70,0
17377,404,4058.32,23,1
17379,78,389.71999999999997,10,3
17381,109,20275.61,8,1
17382,2,65.4,64,0
17383,49,193.39000000000001,3,3
17384,15,336.4,18,3
17385,45,256.11,14,3
17386,28,2686.42,7,3
17387,76,746.81,19,3
17388,15,1259.56,77,2
17389,213,31833.68,0,1
17391,3,508.8,163,0
17392,56,417.27,306,2
17394,4,203.86999999999998,218,0
17396,27,7330.8,38,2
17397,89,681.41,21,2
17398,38,653.38,114,2
17400,206,2097.84,125,2
17402,59,2633.85,4,1
17403,32,263.92,35,3
17404,198,31906.82,3,1
17405,82,1031.41,0,1
17406,111,2184.42,332,2
17408,2,32.65,162,0
17409,13,771.85,184,0
17410,64,1214.72,15,3
17411,41,778.94,11,3
17412,66,1258.06,2,1
17414,6,778.0,43,0
17415,14,507.84,79,0
17416,269,6893.42,29,1
17418,30,463.46000000000004,41,3
17419,206,4226.57,10,1
17420,30,598.83,49,2
17422,117,1979.37,15,1
17423,26,698.41,45,3
17425,43,759.17,18,3
17426,271,5037.26,7,1
17427,2,100.8,71,0
17428,328,17256.85,0,1
17429,39,524.9200000000001,127,2
17430,14,265.76,32,3
17431,43,403.3,312,0
17432,48,365.76,17,3
17433,54,303.15999999999997,87,2
17434,134,2373.82,1,1
17436,9,216.29999999999998,1,3
17438,17,388.45000000000005,253,0
17440,5,186.42000000000002,156,0
17442,135,2248.56,36,2
17443,1,534.24,219,0
17444,135,2940.04,147,2
17446,9,120.9,176,0
17447,36,541.53,39,3
17449,276,2519.21,1,1
17450,336,194390.79,7,1
17451,100,1721.4,0,1
17453,19,486.71999999999997,17,3
17454,61,517.53,191,2
17455,8,131.7,203,0
17456,17,249.86,364,0
17457,19,1737.7,126,2
17458,54,316.5,14,3
17459,111,657.3,42,2
17460,29,622.4300000000001,93,2
17461,106,735.82,22,2
17462,27,675.69,59,2
17463,208,1875.86,15,1
17464,9,289.96000000000004,157,0
17466,41,763.28,9,3
17468,5,137.0,9,3
17469,88,1870.97,15,1
17470,78,1125.07,44,2
17472,174,697.54,190,2
17475,14,194.37,78,0
17480,29,511.82,77,2
17481,82,1255.59,3,1
17483,21,414.04,64,0
17486,24,396.87,260,0
17489,29,376.64,58,3
17490,76,2092.32,0,1
17491,109,3558.87,0,1
17492,12,374.57,247,0
17495,27,497.56,7,3
17496,10,271.05,358,0
17498,17,272.22,75,0
17499,40,622.88,289,2
17500,5,1138.0,16,3
17501,18,288.6,220,0
17502,28,689.1,8,3
17503,38,558.96,2,3
17504,127,2997.0299999999997,205,2
17505,52,1145.84,161,2
17506,14,302.2,75,0
17507,88,605.58,261,2
17508,22,387.31,280,0
17509,364,6083.64,57,1
17510,20,308.48,24,3
17511,963,91062.38,2,1
17512,105,2924.9900000000002,28,2
17513,6,513.2,71,0
17514,40,208.65,127,0
17515,87,639.02,30,2
17516,135,764.88,14,2
17517,11,153.94,308,0
17519,82,1844.02,16,2
17520,30,546.81,53,2
17521,45,723.2099999999999,29,3
17522,73,1070.71,1,1
17523,33,652.74,10,3
17524,6,145.0,360,0
17525,9,422.70000000000005,359,0
17526,19,1195.8999999999999,4,3
17527,47,939.37,53,2
17528,253,3628.5,0,1
17530,390,2367.12,0,1
17531,14,296.7,189,0
17534,9,223.36,53,0
17535,13,164.4,279,0
17536,3,76.5,176,0
17537,74,887.67,29,2
17538,9,98.42,25,0
17540,25,578.9,24,3
17542,25,170.75,269,0
17545,141,642.32,42,2
17548,5,103.3,233,0
17549,6,148.86,23,0
17550,42,267.16,196,0
17551,39,290.34,358,0
17552,49,930.41,59,2
17553,2,1487.6,129,0
17554,88,1952.45,0,1
17555,105,480.31,19,3
17556,6,157.9,205,0
17557,34,541.46,13,3
17560,26,854.95,94,2
17561,45,165.12,18,3
17562,63,1122.38,13,3
17564,49,454.01,23,3
17566,142,869.77,7,1
17567,165,4331.48,6,1
17569,29,344.14,331,0
17571,271,1425.67,49,2
17572,12,226.75000000000003,70,0
17573,25,380.6,28,3
17574,8,185.65,242,0
17576,402,3564.83,7,1
17578,5,143.45999999999998,217,0
17579,50,448.90000000000003,4,3
17580,45,215.72,252,0
17581,439,11025.24,0,1
17582,29,175.27,235,0
17584,35,1242.3,6,3
17585,208,1116.68,108,2
17588,23,1240.2,99,2
17589,253,2404.17,59,2
17590,196,1468.02,1,1
17591,157,2203.67,72,2
17593,212,3923.86,3,1
17594,50,993.18,84,2
17595,82,386.69,11,3
17596,265,2806.69,22,1
17597,55,2044.3700000000001,213,2
17600,13,161.67000000000002,17,3
17601,9,116.00999999999999,238,0
17602,551,5054.42,1,1
17603,11,394.72,77,0
17604,63,309.36,216,2
17608,56,191.99,32,3
17609,233,1105.78,40,2
17611,567,3961.12,6,1
17612,135,2048.45,52,2
17613,306,4544.55,22,1
17614,98,386.32,56,2
17615,14,329.6,129,0
17616,3,571.1999999999999,173,0
17618,67,930.28,5,3
17619,74,214.37,311,0
17620,4,81.44,59,0
17621,26,1379.9,20,3
17623,33,527.0500000000001,32,3
17624,50,843.48,14,3
17625,306,2020.4,17,1
17628,5,75.75,80,0
17629,123,1814.12,5,1
17630,26,503.59999999999997,169,0
17631,39,528.33,1,3
17633,70,1324.84,30,2
17634,296,2358.59,35,1
17636,20,285.56,18,3
17637,35,547.0600000000001,30,3
17639,7,108.5,275,0
17640,5,621.66,86,0
17642,40,712.29,119,2
17643,8,101.55,372,0
17644,157,2895.64,0,1
17646,51,1008.39,218,2
17647,7,133.06,64,0
17648,91,1797.5,60,2
17649,52,868.49,137,2
17650,8,166.08,20,3
17651,232,3945.0,11,1
17652,259,4867.72,24,1
17653,44,1207.56,36,2
17654,22,117.55,276,0
17655,91,2638.94,10,1
17656,82,1674.69,72,2
17658,19,595.42,25,3
17659,158,2999.46,16,1
17660,38,178.75,140,0
17663,86,1802.91,25,2
17664,43,604.64,18,3
17666,18,728.16,3,3
17667,116,2055.51,65,2
17668,15,347.75,0,3
17669,68,3406.7200000000003,42,2
17670,11,205.7,227,0
17671,53,1572.71,15,2
17672,110,3178.17,49,2
17673,218,1594.97,1,1
17674,27,551.04,73,2
17675,705,20374.28,0,1
17676,77,1371.18,3,1
17677,303,16345.38,1,1
17678,16,298.11,263,0
17679,30,1992.1100000000001,52,2
17680,11,184.4,23,3
17682,118,2474.33,9,1
17684,15,239.41,43,0
17685,127,3155.83,16,1
17686,286,5739.46,6,1
17690,252,4726.8,29,1
17691,19,290.40000000000003,357,0
17692,46,740.9399999999999,126,2
17693,16,200.47,136,0
17694,15,283.12,141,0
17695,35,765.34,131,2
17696,115,2285.71,37,2
17697,19,338.95,235,0
17698,8,154.95,260,0
17700,142,2534.64,16,1
17701,24,417.95,252,0
17702,74,1824.37,29,2
17703,55,798.74,34,2
17704,31,885.19,168,2
17705,103,1823.52,2,1
17706,382,10504.49,3,1
17707,5,152.4,184,0
17708,34,263.33,187,0
17709,7,137.45,169,0
17711,23,385.1,10,3
17712,29,522.91,44,3
17714,10,153.0,320,0
17715,1,326.4,200,0
17716,245,5655.99,22,1
17718,6,139.35,231,0
17719,274,5396.04,37,1
17720,50,1195.94,25,2
17722,115,2424.04,95,2
17723,10,3276.4000000000005,126,2
17724,40,1033.0,70,2
17725,192,3439.08,15,1
17727,66,1060.25,14,3
17728,165,2876.01,3,1
17730,218,5298.4800000000005,2,1
17731,67,1240.11,78,2
17732,18,303.97,372,0
17733,35,692.19,38,2
17734,43,700.63,53,2
17735,690,13110.02,1,1
17736,25,377.44,8,3
17737,10,168.24,8,3
17738,97,1879.05,18,2
17739,47,2791.35,11,1
17742,15,355.11,112,0
17744,136,2322.4,3,1
17746,6,110.25,239,0
17747,1,71.4,112,0
17749,35,674.52,177,2
17750,184,1710.45,4,1
17752,1,80.64,358,0
17754,89,1664.65,0,1
17757,740,5593.39,0,1
17758,404,3408.2000000000003,18,1
17759,90,819.96,16,3
17760,25,287.59,21,3
17761,19,712.78,32,3
17763,1,15.0,262,0
17764,71,772.55,50,2
17765,56,367.63,158,2
17767,21,271.2,14,3
17768,98,2081.9,7,1
17769,304,3957.43,12,1
17770,38,1143.27,198,2
17771,54,245.81,56,3
17772,50,173.45,10,3
17774,153,1213.73,96,2
17775,3,56.4,254,0
17777,190,647.56,24,2
17779,81,650.32,20,3
17781,12,188.02,158,0
17783,67,283.47,71,2
17785,13,131.94,52,0
17786,68,266.85,84,2
17787,128,1817.54,152,2
17788,5,1117.9,73,0
17789,14,225.9,280,0
17790,189,1964.3,26,1
17791,10,106.1,29,0
17793,52,300.34,24,3
17795,45,342.83,179,0
17796,81,690.0,39,2
17797,111,780.43,21,2
17799,404,3039.17,21,1
17800,103,1187.21,36,2
17802,140,1285.04,81,2
17805,10,512.31,73,0
17806,43,546.04,10,3
17809,61,5411.91,15,1
17811,828,7761.82,3,1
17812,133,699.81,12,3
17813,348,1698.07,13,1
17816,17,36.56,36,0
17817,33,387.68,3,3
17819,48,3704.87,71,2
17824,13,298.4,50,0
17827,215,1987.33,4,1
17828,67,1820.09,22,2
17829,30,889.24,298,2
17830,23,398.7,1,3
17831,2,35.400000000000006,32,0
17832,61,155.37,49,3
17835,59,342.24,2,3
17836,24,110.21000000000001,46,0
17837,162,1541.23,41,2
17838,117,2720.8,26,1
17839,52,318.15,41,3
17841,7676,40519.84,1,1
17843,37,205.48,302,0
17844,5,51.559999999999995,106,0
17846,1,2033.1,84,0
17848,51,901.1999999999999,80,2
17849,26,605.8000000000001,217,0
17850,297,5391.21,371,2
17852,24,114.34,11,3
17854,15,311.26,184,0
17855,17,208.97,372,0
17856,15,1418.03,1,3
17857,54,26879.04,3,1
17858,197,5140.66,5,1
17859,23,141.92000000000002,304,0
17860,52,226.45000000000002,368,0
17861,219,2097.88,2,1
17862,11,330.9,323,0
17863,148,3160.0,58,2
17864,90,554.85,12,3
17865,370,10526.32,30,1
17866,9,329.65,142,0
17867,68,1157.8700000000001,29,2
17869,40,428.18,106,2
17870,270,1865.89,1,1
17871,10,155.9,204,0
17873,43,1848.96,79,2
17874,46,683.46,184,2
17877,12,237.61,169,0
17878,26,379.45,43,3
17879,6,178.51999999999998,173,0
17880,26,458.92,364,0
17881,8,133.35000000000002,303,0
17883,142,664.34,2,1
17884,113,695.0699999999999,3,3
17885,53,156.34,11,3
17886,102,869.28,31,2
17887,10,111.35,128,0
17888,65,716.0,20,3
17889,20,201.37,211,0
17890,91,586.89,322,2
17891,34,203.85999999999999,161,0
17892,28,244.1,55,0
17893,15,107.21,224,0
17894,192,1118.96,71,2
17895,15,95.45,43,0
17896,2,256.32,22,0
17897,108,541.8100000000001,172,2
17898,28,152.06,84,0
17899,31,154.55,158,0
17900,6,112.19999999999999,189,0
17901,19,110.38,28,3
17904,34,181.07,20,3
17905,33,798.99,70,2
17906,12,72.9,246,0
17908,54,232.03,373,0
17911,39,366.23,8,3
17912,37,310.06,309,0
17913,58,408.65,58,2
17914,75,329.36,3,3
17917,92,335.03,44,2
17919,23,1304.04,87,2
17920,665,4119.5,3,1
17921,142,820.23,63,2
17923,1,207.50000000000003,281,0
17924,31,2962.5,11,3
17925,1,244.08,372,0
17926,21,397.29,132,0
17928,23,212.54,44,0
17929,5,843.0,10,3
17930,39,1740.48,35,2
17931,65,408.36,133,2
17932,90,1331.57,28,2
17934,21,704.25,51,3
17935,29,145.79,137,0
17936,72,380.13,4,3
17937,43,4301.22,8,1
17939,12,99.14,159,0
17940,18,4020.04,48,2
17941,2,304.56,130,0
17942,2,77.50000000000001,7,3
17946,20,149.57999999999998,232,0
17947,9,176.68,36,0
17948,1,358.56000000000006,146,0
17949,70,58510.48,0,1
17950,71,482.2,71,2
17951,20,1008.5400000000001,39,3
17954,477,2314.13,4,1
17955,19,557.3,198,0
17956,1,12.75,248,0
17957,31,111.68,65,0
17958,7,508.4599999999999,116,0
17960,26,73.78,170,0
17961,249,1296.44,20,1
17962,34,102.41,141,0
17964,98,463.21,31,2
17965,325,2599.19,37,1
17966,68,1098.43,37,2
17967,42,112.27,371,0
17968,81,265.1,373,0
17969,14,228.2,165,0
17970,29,562.79,210,0
17972,30,135.19,241,0
17973,15,337.04,51,0
17974,165,703.99,24,2
17975,293,4483.26,14,1
17976,57,321.79,371,0
17977,21,288.14,28,3
17978,12,300.91999999999996,364,0
17979,138,732.41,35,2
17980,30,811.45,165,2
17984,48,152.68,144,0
17985,21,631.35,21,3
17986,1,20.8,55,0
17987,13,198.57,184,0
17988,38,201.12,11,3
17990,29,630.84,236,0
17991,5,93.35,224,0
17994,79,674.89,121,2
17995,2,76.1,281,0
17997,164,1962.46,73,2
17999,91,380.39,36,2
18001,57,415.13,11,3
18004,37,157.92,361,0
18005,53,226.47,3,3
18006,22,444.68,22,3
18008,30,2116.19,69,2
18009,31,247.39,234,0
18010,14,174.8,256,0
18011,28,102.78999999999999,372,0
18013,31,187.29,154,0
18014,30,162.22,27,3
18015,46,120.03,3,3
18016,122,1477.66,31,2
18017,3,523.0,80,0
18018,29,122.14,107,0
18019,5,38.45,51,0
18022,164,612.72,35,2
18024,21,389.78,152,0
18027,21,115.31,98,0
18030,9,230.64999999999998,3,3
18032,5,73.5,333,0
18033,33,93.82000000000001,64,0
18034,110,418.68,21,3
18035,49,713.89,35,2
18036,94,403.12,31,2
18037,19,70.02,153,0
18040,19,357.20000000000005,18,3
18041,458,4097.37,11,1
18042,7,165.04999999999998,53,0
18043,115,529.29,24,2
18044,127,2088.6,3,1
18045,43,178.34,44,3
18048,7,172.29000000000002,202,0
18050,5,74.4,358,0
18053,20,300.02,70,0
18055,358,6761.34,6,1
18056,19,363.65,287,0
18058,3,170.16,9,3
18059,18,306.46,22,3
18061,46,2119.41,21,2
18062,27,720.52,172,2
18064,7,814.0,132,0
18065,137,2392.83,5,1
18066,10,318.0,74,0
18067,37,396.33,39,3
18068,1,101.69999999999999,288,0
18069,457,2009.24,25,1
18071,25,453.0,257,0
18072,18,247.44,185,0
18073,72,3859.82,113,2
18074,13,489.6,373,0
18075,142,2611.75,22,1
18077,223,2584.41,7,1
18078,29,336.13,216,0
18079,123,3613.15,44,2
18080,2,1231.5,18,3
18081,17,343.45,35,3
18082,70,680.84,25,2
18084,1,90.47999999999999,15,0
18085,29,689.95,329,0
18086,7,101.34,273,0
18087,2,4055.7199999999993,97,0
18088,37,166.03,60,0
18092,89,9068.26,1,1
18093,36,2106.52,92,2
18094,70,3017.3,81,2
18095,21,580.0500000000001,312,0
18096,196,849.06,11,1
18097,106,2662.4,7,1
18099,19,168.31,126,0
18101,40,222.4,10,3
18102,431,259657.3,0,1
18104,38,754.64,36,2
18105,18,113.48000000000002,37,0
18106,37,421.9,329,0
18108,17,271.0,253,0
18109,441,8004.92,1,1
18110,37,198.8,19,3
18112,26,352.69,11,3
18113,1,76.32000000000001,368,0
18114,28,220.1,289,0
18116,371,1403.1100000000001,67,2
18117,72,315.65,25,3
18118,1263,5625.08,10,1
18119,29,180.7,367,0
18120,17,111.15,213,0
18121,31,653.3,148,2
18122,357,1793.06,7,1
18123,34,574.4399999999999,23,3
18125,192,1131.75,29,2
18126,52,200.92000000000002,60,3
18127,46,347.08,18,3
18129,14,112.55000000000001,242,0
18130,70,1059.39,14,3
18133,1,931.4999999999999,211,0
18135,20,681.9100000000001,28,3
18136,38,784.33,62,2
18138,8,152.65,294,0
18139,159,8438.34,17,1
18142,15,1019.52,156,0
18143,61,1000.16,116,2
18144,43,2888.75,7,1
18145,221,2861.55,12,1
18146,10,160.35000000000002,140,0
18147,7,179.33999999999997,45,0
18149,16,612.0799999999999,50,3
18150,37,566.58,31,3
18151,38,653.35,134,2
18154,21,399.19,2,3
18155,25,371.62,74,0
18156,122,675.64,12,3
18158,34,453.4,8,3
18159,23,530.15,300,0
18160,39,638.0600000000001,56,2
18161,80,1618.69,14,1
18164,24,399.65000000000003,36,3
18165,10,302.46000000000004,176,0
18167,37,1384.8600000000001,22,2
18168,130,1160.04,175,2
18169,9,202.65,60,0
18170,38,980.31,32,2
18171,54,1231.31,58,2
18172,189,7561.68,14,1
18173,31,2106.84,86,2
18174,1,104.0,6,3
18176,30,476.35,357,0
18177,73,1340.8700000000001,30,2
18178,97,1590.81,128,2
18179,90,1793.17,8,1
18180,119,1843.75,4,1
18181,41,366.85,23,3
18183,37,632.07,226,2
18184,1,49.8,14,0
18185,17,304.25,248,0
18188,71,2001.04,14,1
18189,68,1090.24,77,2
18190,15,284.46000000000004,191,0
18191,7,207.79999999999998,261,0
18192,45,957.97,71,2
18193,16,243.76,164,0
18194,7,973.8399999999999,81,0
18196,139,686.63,94,2
18198,159,5425.56,3,1
18200,30,150.35,105,0
18202,68,1396.99,199,2
18203,19,160.42000000000002,156,0
18204,192,1975.35,70,2
18205,32,517.36,35,3
18209,8,139.10000000000002,28,0
18210,134,2621.38,1,1
18211,42,600.07,25,3
18212,34,216.07,325,0
18213,15,232.48000000000002,236,0
18215,13,299.34000000000003,88,0
18216,26,481.75,30,3
18217,31,621.75,28,3
18218,20,641.92,210,0
18219,114,2069.77,2,1
18220,2,305.28000000000003,226,0
18221,64,1041.61,21,2
18222,19,443.0,92,0
18223,272,6484.54,4,1
18224,10,158.95000000000002,263,0
18225,269,5504.96,2,1
18226,242,5228.05,43,1
18227,5,93.75,217,0
18228,30,779.9,56,2
18229,164,7276.900000000001,11,1
18230,86,2810.2000000000003,8,1
18231,123,2071.77,191,2
18232,37,592.97,81,2
18233,1,440.0,325,0
18235,104,1796.48,71,2
18236,49,882.24,29,2
18237,61,987.1,2,3
18239,88,1561.6100000000001,218,2
18240,6,422.58,45,0
18241,104,2073.09,9,1
18242,78,2232.4900000000002,71,2
18245,175,2567.06,6,1
18246,4,596.1,23,3
18248,47,804.02,122,2
18249,8,95.34,16,3
18250,21,349.27,309,0
18251,16,4314.72,86,2
18252,94,518.27,50,2
18255,6,103.3,88,0
18257,118,2337.63,38,2
18259,42,2338.6000000000004,24,2
18260,133,2628.35,172,2
18261,21,324.24,42,3
18262,13,149.48,139,0
18263,61,1213.1599999999999,25,2
18265,46,801.51,71,2
18268,1,25.5,133,0
18269,7,168.6,365,0
18270,11,283.15,37,0
18272,166,3078.58,2,1
18273,3,204.0,1,3
18274,11,175.92,29,0
18276,14,335.86,43,0
18277,8,110.38,57,0
18278,9,173.9,73,0
18280,10,180.60000000000002,277,0
18281,7,80.82,180,0
18282,12,178.05,7,3
18283,721,2045.53,3,1
18287,70,1837.28,42,2
